-- phpMyAdmin SQL Dump
-- version 4.1.6
-- http://www.phpmyadmin.net
--
-- Host: 127.0.0.1
-- Generation Time: Jan 05, 2015 at 03:18 AM
-- Server version: 5.6.16
-- PHP Version: 5.5.9

SET SQL_MODE = "NO_AUTO_VALUE_ON_ZERO";
SET time_zone = "+00:00";


/*!40101 SET @OLD_CHARACTER_SET_CLIENT=@@CHARACTER_SET_CLIENT */;
/*!40101 SET @OLD_CHARACTER_SET_RESULTS=@@CHARACTER_SET_RESULTS */;
/*!40101 SET @OLD_COLLATION_CONNECTION=@@COLLATION_CONNECTION */;
/*!40101 SET NAMES utf8 */;

--
-- Database: `realty`
--

-- --------------------------------------------------------

--
-- Table structure for table `account`
--

CREATE TABLE IF NOT EXISTS `account` (
  `ACCOUNTID` int(11) NOT NULL AUTO_INCREMENT,
  `ROLEID` int(11) DEFAULT NULL,
  `USERNAME` varchar(50) COLLATE utf8_unicode_ci NOT NULL,
  `PASSWORD` varchar(50) COLLATE utf8_unicode_ci NOT NULL,
  `FULLNAME` varchar(100) COLLATE utf8_unicode_ci DEFAULT NULL,
  `SEX` varchar(50) COLLATE utf8_unicode_ci DEFAULT NULL,
  `EMAIL` varchar(100) COLLATE utf8_unicode_ci DEFAULT NULL,
  PRIMARY KEY (`ACCOUNTID`),
  KEY `FK_ROLEACCOUNT` (`ROLEID`)
) ENGINE=InnoDB  DEFAULT CHARSET=utf8 COLLATE=utf8_unicode_ci AUTO_INCREMENT=6 ;

--
-- Dumping data for table `account`
--

INSERT INTO `account` (`ACCOUNTID`, `ROLEID`, `USERNAME`, `PASSWORD`, `FULLNAME`, `SEX`, `EMAIL`) VALUES
(1, 1, 'admin', 'c4ca4238a0b923820dcc509a6f75849b', 'Administrator', '', 'admin@batdongsan.com'),
(2, 2, 'Unknown', 'c4ca4238a0b923820dcc509a6f75849b', 'Khoa Nguyễn', 'Male', 'khoa@batdongsan.com'),
(3, 1, 'HuongHk', 'c4ca4238a0b923820dcc509a6f75849b', 'Nguyễn Thị Kim Hương', '', 'huong@batdongsan.com'),
(4, 3, 'EchSida', '827ccb0eea8a706c4c34a16891f84e7b', NULL, NULL, ''),
(5, 3, 'HuongHkk', '827ccb0eea8a706c4c34a16891f84e7b', NULL, NULL, '');

-- --------------------------------------------------------

--
-- Table structure for table `address`
--

CREATE TABLE IF NOT EXISTS `address` (
  `ADDRESSID` int(11) NOT NULL AUTO_INCREMENT,
  `DISTRICTID` int(11) DEFAULT NULL,
  `PROVINCEID` int(11) DEFAULT NULL,
  `ADDRESS` varchar(100) COLLATE utf8_unicode_ci DEFAULT NULL,
  PRIMARY KEY (`ADDRESSID`),
  KEY `FK_REFERENCE_11` (`DISTRICTID`,`PROVINCEID`)
) ENGINE=InnoDB  DEFAULT CHARSET=utf8 COLLATE=utf8_unicode_ci AUTO_INCREMENT=66 ;

--
-- Dumping data for table `address`
--

INSERT INTO `address` (`ADDRESSID`, `DISTRICTID`, `PROVINCEID`, `ADDRESS`) VALUES
(1, 760, 79, 'adfadf'),
(17, 760, 79, '15B/105, Lê Thánh Tôn'),
(18, 760, 79, '99 Lê Thị Riêng, Phường Bến Nghé'),
(19, 760, 79, '73 B Calmette, phường Nguyễn Thái Bình'),
(20, 764, 79, 'Tin trang 2'),
(21, 769, 79, 'Tin trang 2 - 2'),
(22, 767, 79, 'Tin trang 2 - 3'),
(23, 769, 79, 'Dự án Petroland'),
(24, 764, 79, ''),
(25, 769, 79, 'Thảo Điền'),
(26, 771, 79, '802 Sư Vạn Hạnh, P.12'),
(27, 771, 79, '802 Sư Vạn Hạnh, P.12'),
(28, 771, 79, '506/16 và 506/18 đường 3 tháng 2'),
(31, 765, 79, '702/6 XVNT, P. 25'),
(36, 765, 79, '162 - Điện Biên Phủ, P. 17'),
(37, 765, 79, '349/7 Bình Lợi, P.13'),
(38, 765, 79, ' 81-83 D5, Phường 25'),
(40, 765, 79, ' 81-83 D5, Phường 25'),
(41, 765, 79, '43c, điện biên phủ'),
(42, 771, 79, '499/10 D CMT8, P. 13'),
(43, 771, 79, '499/10 D CMT8, P. 13'),
(46, 771, 79, '499/10 D CMT8, P. 13,'),
(47, 771, 79, '499/10 D CMT8, P. 13,'),
(48, 764, 79, '995 Nguyễn Kiệm (số cũ 83/1B), Phường 3'),
(49, 766, 79, '89 Bàu Cát 1, phường 14'),
(50, 778, 79, '50 Nguyễn Văn Linh, phường Tân Thuận Tây'),
(51, 765, 79, '447/55 Điện Biên Phủ, P.25'),
(52, 765, 79, 'D2'),
(53, 268, 1, 'khu đô thị mới An Hưng, đường Lê Văn Lương kéo dài'),
(54, 9, 1, 'R05 dự án Royal City tòa R2 – 72 Nguyễn Trãi'),
(55, 7, 1, '458 Minh Khai'),
(56, 268, 1, 'Chung cư Nhà ở Xây lắp điện 1 Hà Đông (PCC1 Complex)'),
(57, 268, 1, 'The Pride (CT1, CT2, CT4) và 1 tòa 45 tầng – Hp Landmark Tower (CT3) '),
(58, 760, 79, '140 Nguyễn Văn Thủ, P.Đa Kao'),
(59, 760, 79, 'Hai Bà Trưng'),
(60, 766, 79, 'Cộng Hòa'),
(62, 767, 79, 'Tân Kỳ Tân Quý'),
(63, 761, 79, '260/5 Nguyễn Văn Quá, P. Đông Hưng Thuận'),
(64, 777, 79, 'phường An Lạc'),
(65, 958, 95, 'Nhà trọtest');

-- --------------------------------------------------------

--
-- Table structure for table `district`
--

CREATE TABLE IF NOT EXISTS `district` (
  `DISTRICTID` int(11) NOT NULL,
  `DISTRICTNAME` varchar(50) COLLATE utf8_unicode_ci DEFAULT NULL,
  `TYPE` varchar(50) COLLATE utf8_unicode_ci DEFAULT NULL,
  `LOCATION` varchar(50) COLLATE utf8_unicode_ci DEFAULT NULL,
  `PROVINCEID` int(11) NOT NULL,
  PRIMARY KEY (`DISTRICTID`,`PROVINCEID`),
  KEY `FK_REFERENCE_10` (`PROVINCEID`)
) ENGINE=InnoDB DEFAULT CHARSET=utf8 COLLATE=utf8_unicode_ci;

--
-- Dumping data for table `district`
--

INSERT INTO `district` (`DISTRICTID`, `DISTRICTNAME`, `TYPE`, `LOCATION`, `PROVINCEID`) VALUES
(1, 'Ba Đình', 'Quận', '21 02 08N, 105 49 38E', 1),
(2, 'Hoàn Kiếm', 'Quận', '21 01 53N, 105 51 09E', 1),
(3, 'Tây Hồ', 'Quận', '21 04 10N, 105 49 07E', 1),
(4, 'Long Biên', 'Quận', '21 02 21N, 105 53 07E', 1),
(5, 'Cầu Giấy', 'Quận', '21 01 52N, 105 47 20E', 1),
(6, 'Đống Đa', 'Quận', '21 00 56N, 105 49 06E', 1),
(7, 'Hai Bà Trưng', 'Quận', '21 00 27N, 105 51 35E', 1),
(8, 'Hoàng Mai', 'Quận', '20 58 33N, 105 51 22E', 1),
(9, 'Thanh Xuân', 'Quận', '20 59 44N, 105 48 56E', 1),
(16, 'Sóc Sơn', 'Huyện', '21 16 55N, 105 49 46E', 1),
(17, 'Đông Anh', 'Huyện', '21 08 16N, 105 49 38E', 1),
(18, 'Gia Lâm', 'Huyện', '21 01 28N, 105 56 54E', 1),
(19, 'Từ Liêm', 'Huyện', '21 02 39N, 105 45 32E', 1),
(20, 'Thanh Trì', 'Huyện', '20 56 32N, 105 50 55E', 1),
(24, 'Hà Giang', 'Thị Xã', '22 46 23N, 105 02 39E', 2),
(26, 'Đồng Văn', 'Huyện', '23 14 34N, 105 15 48E', 2),
(27, 'Mèo Vạc', 'Huyện', '23 09 10N, 105 26 38E', 2),
(28, 'Yên Minh', 'Huyện', '23 04 20N, 105 10 13E', 2),
(29, 'Quản Bạ', 'Huyện', '23 04 03N, 104 58 05E', 2),
(30, 'Vị Xuyên', 'Huyện', '22 45 50N, 104 56 26E', 2),
(31, 'Bắc Mê', 'Huyện', '22 45 48N, 105 16 26E', 2),
(32, 'Hoàng Su Phì', 'Huyện', '22 41 37N, 104 40 06E', 2),
(33, 'Xín Mần', 'Huyện', '22 38 05N, 104 28 35E', 2),
(34, 'Bắc Quang', 'Huyện', '22 23 42N, 104 55 06E', 2),
(35, 'Quang Bình', 'Huyện', '22 23 07N, 104 37 11E', 2),
(40, 'Cao Bằng', 'Thị Xã', '22 39 20N, 106 15 20E', 4),
(42, 'Bảo Lâm', 'Huyện', '22 52 37N, 105 27 28E', 4),
(43, 'Bảo Lạc', 'Huyện', '22 52 31N, 105 42 41E', 4),
(44, 'Thông Nông', 'Huyện', '22 49 09N, 105 57 05E', 4),
(45, 'Hà Quảng', 'Huyện', '22 53 42N, 106 06 32E', 4),
(46, 'Trà Lĩnh', 'Huyện', '22 48 14N, 106 19 47E', 4),
(47, 'Trùng Khánh', 'Huyện', '22 49 31N, 106 33 58E', 4),
(48, 'Hạ Lang', 'Huyện', '22 42 37N, 106 41 42E', 4),
(49, 'Quảng Uyên', 'Huyện', '22 40 15N, 106 27 42E', 4),
(50, 'Phục Hoà', 'Huyện', '22 33 52N, 106 30 02E', 4),
(51, 'Hoà An', 'Huyện', '22 41 20N, 106 02 05E', 4),
(52, 'Nguyên Bình', 'Huyện', '22 38 52N, 105 57 02E', 4),
(53, 'Thạch An', 'Huyện', '22 28 51N, 106 19 51E', 4),
(58, 'Bắc Kạn', 'Thị Xã', '22 08 00N, 105 51 10E', 6),
(60, 'Pác Nặm', 'Huyện', '22 35 46N, 105 40 25E', 6),
(61, 'Ba Bể', 'Huyện', '22 23 54N, 105 43 30E', 6),
(62, 'Ngân Sơn', 'Huyện', '22 25 50N, 106 01 00E', 6),
(63, 'Bạch Thông', 'Huyện', '22 12 04N, 105 51 01E', 6),
(64, 'Chợ Đồn', 'Huyện', '22 11 18N, 105 34 43E', 6),
(65, 'Chợ Mới', 'Huyện', '21 57 56N, 105 51 29E', 6),
(66, 'Na Rì', 'Huyện', '22 09 48N, 106 05 09E', 6),
(70, 'Tuyên Quang', 'Thị Xã', '21 49 40N, 105 13 12E', 8),
(72, 'Nà Hang', 'Huyện', '22 28 34N, 105 21 03E', 8),
(73, 'Chiêm Hóa', 'Huyện', '22 12 49N, 105 14 32E', 8),
(74, 'Hàm Yên', 'Huyện', '22 05 46N, 105 00 13E', 8),
(75, 'Yên Sơn', 'Huyện', '21 51 53N, 105 18 14E', 8),
(76, 'Sơn Dương', 'Huyện', '21 40 22N, 105 22 57E', 8),
(80, 'Lào Cai', 'Thành Phố', '22 25 07N, 103 58 43E', 10),
(82, 'Bát Xát', 'Huyện', '22 35 50N, 103 44 49E', 10),
(83, 'Mường Khương', 'Huyện', '22 41 05N, 104 08 26E', 10),
(84, 'Si Ma Cai', 'Huyện', '22 39 46N, 104 16 05E', 10),
(85, 'Bắc Hà', 'Huyện', '22 30 08N, 104 18 54E', 10),
(86, 'Bảo Thắng', 'Huyện', '22 22 47N, 104 10 00E', 10),
(87, 'Bảo Yên', 'Huyện', '22 17 38N, 104 25 02E', 10),
(88, 'Sa Pa', 'Huyện', '22 18 54N, 103 54 18E', 10),
(89, 'Văn Bàn', 'Huyện', '22 03 48N, 104 10 59E', 10),
(94, 'Điện Biên Phủ', 'Thành Phố', '21 24 52N, 103 02 31E', 11),
(95, 'Mường Lay', 'Thị Xã', '22 01 47N, 103 07 10E', 11),
(96, 'Mường Nhé', 'Huyện', '22 06 11N, 102 30 54E', 11),
(97, 'Mường Chà', 'Huyện', '21 50 31N, 103 03 15E', 11),
(98, 'Tủa Chùa', 'Huyện', '21 58 19N, 103 23 01E', 11),
(99, 'Tuần Giáo', 'Huyện', '21 38 03N, 103 21 06E', 11),
(100, 'Điện Biên', 'Huyện', '21 15 19N, 103 03 19E', 11),
(101, 'Điện Biên Đông', 'Huyện', '21 14 07N, 103 15 19E', 11),
(102, 'Mường Ảng', 'Huyện', '', 11),
(104, 'Lai Châu', 'Thị Xã', '22 23 15N, 103 24 22E', 12),
(106, 'Tam Đường', 'Huyện', '22 20 16N, 103 32 53E', 12),
(107, 'Mường Tè', 'Huyện', '22 24 16N, 102 43 11E', 12),
(108, 'Sìn Hồ', 'Huyện', '22 17 21N, 103 18 12E', 12),
(109, 'Phong Thổ', 'Huyện', '22 38 24N, 103 22 38E', 12),
(110, 'Than Uyên', 'Huyện', '21 59 35N, 103 45 30E', 12),
(111, 'Tân Uyên', 'Huyện', '', 12),
(116, 'Sơn La', 'Thành Phố', '21 20 39N, 103 54 52E', 14),
(118, 'Quỳnh Nhai', 'Huyện', '21 46 34N, 103 39 02E', 14),
(119, 'Thuận Châu', 'Huyện', '21 24 54N, 103 39 46E', 14),
(120, 'Mường La', 'Huyện', '21 31 38N, 104 02 48E', 14),
(121, 'Bắc Yên', 'Huyện', '21 13 23N, 104 22 09E', 14),
(122, 'Phù Yên', 'Huyện', '21 13 33N, 104 41 51E', 14),
(123, 'Mộc Châu', 'Huyện', '20 49 21N, 104 43 10E', 14),
(124, 'Yên Châu', 'Huyện', '20 59 33N, 104 19 51E', 14),
(125, 'Mai Sơn', 'Huyện', '21 10 08N, 103 59 36E', 14),
(126, 'Sông Mã', 'Huyện', '21 06 04N, 103 43 56E', 14),
(127, 'Sốp Cộp', 'Huyện', '20 52 46N, 103 30 38E', 14),
(132, 'Yên Bái', 'Thành Phố', '21 44 28N, 104 53 42E', 15),
(133, 'Nghĩa Lộ', 'Thị Xã', '21 35 58N, 104 29 22E', 15),
(135, 'Lục Yên', 'Huyện', '22 06 44N, 104 43 12E', 15),
(136, 'Văn Yên', 'Huyện', '21 55 55N, 104 33 51E', 15),
(137, 'Mù Cang Chải', 'Huyện', '21 48 22N, 104 09 01E', 15),
(138, 'Trấn Yên', 'Huyện', '21 42 20N, 104 48 56E', 15),
(139, 'Trạm Tấu', 'Huyện', '21 30 40N, 104 28 03E', 15),
(140, 'Văn Chấn', 'Huyện', '21 34 15N, 104 35 19E', 15),
(141, 'Yên Bình', 'Huyện', '21 52 24N, 104 55 16E', 15),
(148, 'Hòa Bình', 'Thành Phố', '20 50 36N, 105 19 20E', 17),
(150, 'Đà Bắc', 'Huyện', '20 55 58N, 105 04 52E', 17),
(151, 'Kỳ Sơn', 'Huyện', '20 54 06N, 105 23 18E', 17),
(152, 'Lương Sơn', 'Huyện', '20 53 16N, 105 30 55E', 17),
(153, 'Kim Bôi', 'Huyện', '20 40 34N, 105 32 15E', 17),
(154, 'Cao Phong', 'Huyện', '20 41 23N, 105 17 48E', 17),
(155, 'Tân Lạc', 'Huyện', '20 36 44N, 105 15 03E', 17),
(156, 'Mai Châu', 'Huyện', '20 40 56N, 104 59 46E', 17),
(157, 'Lạc Sơn', 'Huyện', '20 29 59N, 105 24 57E', 17),
(158, 'Yên Thủy', 'Huyện', '20 25 42N, 105 37 59E', 17),
(159, 'Lạc Thủy', 'Huyện', '20 29 12N, 105 44 06E', 17),
(164, 'Thái Nguyên', 'Thành Phố', '21 33 20N, 105 48 26E', 19),
(165, 'Sông Công', 'Thị Xã', '21 29 14N, 105 48 47E', 19),
(167, 'Định Hóa', 'Huyện', '21 53 50N, 105 38 01E', 19),
(168, 'Phú Lương', 'Huyện', '21 45 57N, 105 43 22E', 19),
(169, 'Đồng Hỷ', 'Huyện', '21 41 10N, 105 55 43E', 19),
(170, 'Võ Nhai', 'Huyện', '21 47 14N, 106 02 29E', 19),
(171, 'Đại Từ', 'Huyện', '21 36 17N, 105 37 28E', 19),
(172, 'Phổ Yên', 'Huyện', '21 27 08N, 105 45 19E', 19),
(173, 'Phú Bình', 'Huyện', '21 29 36N, 105 57 42E', 19),
(178, 'Lạng Sơn', 'Thành Phố', '21 51 19N, 106 44 50E', 20),
(180, 'Tràng Định', 'Huyện', '22 18 09N, 106 26 32E', 20),
(181, 'Bình Gia', 'Huyện', '22 03 56N, 106 19 01E', 20),
(182, 'Văn Lãng', 'Huyện', '22 01 59N, 106 34 17E', 20),
(183, 'Cao Lộc', 'Huyện', '21 53 05N, 106 50 34E', 20),
(184, 'Văn Quan', 'Huyện', '21 51 04N, 106 33 04E', 20),
(185, 'Bắc Sơn', 'Huyện', '21 48 57N, 106 15 28E', 20),
(186, 'Hữu Lũng', 'Huyện', '21 34 33N, 106 20 33E', 20),
(187, 'Chi Lăng', 'Huyện', '21 40 05N, 106 37 24E', 20),
(188, 'Lộc Bình', 'Huyện', '21 40 41N, 106 58 12E', 20),
(189, 'Đình Lập', 'Huyện', '21 32 07N, 107 07 25E', 20),
(193, 'Hạ Long', 'Thành Phố', '20 52 24N, 107 05 23E', 22),
(194, 'Móng Cái', 'Thành Phố', '21 26 31N, 107 55 09E', 22),
(195, 'Cẩm Phả', 'Thị Xã', '21 03 42N, 107 17 22E', 22),
(196, 'Uông Bí', 'Thị Xã', '21 04 33N, 106 45 07E', 22),
(198, 'Bình Liêu', 'Huyện', '21 33 07N, 107 26 24E', 22),
(199, 'Tiên Yên', 'Huyện', '21 22 24N, 107 22 50E', 22),
(200, 'Đầm Hà', 'Huyện', '21 21 23N, 107 34 32E', 22),
(201, 'Hải Hà', 'Huyện', '21 25 50N, 107 41 26E', 22),
(202, 'Ba Chẽ', 'Huyện', '21 15 40N, 107 09 52E', 22),
(203, 'Vân Đồn', 'Huyện', '20 56 17N, 107 28 02E', 22),
(204, 'Hoành Bồ', 'Huyện', '21 06 30N, 107 02 43E', 22),
(205, 'Đông Triều', 'Huyện', '21 07 10N, 106 34 36E', 22),
(206, 'Yên Hưng', 'Huyện', '20 55 40N, 106 51 05E', 22),
(207, 'Cô Tô', 'Huyện', '21 05 01N, 107 49 10E', 22),
(213, 'Bắc Giang', 'Thành Phố', '21 17 36N, 106 11 18E', 24),
(215, 'Yên Thế', 'Huyện', '21 31 29N, 106 09 27E', 24),
(216, 'Tân Yên', 'Huyện', '21 23 23N, 106 05 55E', 24),
(217, 'Lạng Giang', 'Huyện', '21 21 58N, 106 15 21E', 24),
(218, 'Lục Nam', 'Huyện', '21 18 16N, 106 29 24E', 24),
(219, 'Lục Ngạn', 'Huyện', '21 26 15N, 106 39 09E', 24),
(220, 'Sơn Động', 'Huyện', '21 19 42N, 106 51 09E', 24),
(221, 'Yên Dũng', 'Huyện', '21 12 22N, 106 14 12E', 24),
(222, 'Việt Yên', 'Huyện', '21 16 16N, 106 04 59E', 24),
(223, 'Hiệp Hòa', 'Huyện', '21 15 51N, 105 57 30E', 24),
(227, 'Việt Trì', 'Thành Phố', '21 19 01N, 105 23 35E', 25),
(228, 'Phú Thọ', 'Thị Xã', '21 24 54N, 105 13 46E', 25),
(230, 'Đoan Hùng', 'Huyện', '21 36 56N, 105 08 42E', 25),
(231, 'Hạ Hoà', 'Huyện', '21 35 13N, 105 00 22E', 25),
(232, 'Thanh Ba', 'Huyện', '21 27 04N, 105 09 10E', 25),
(233, 'Phù Ninh', 'Huyện', '21 26 59N, 105 18 13E', 25),
(234, 'Yên Lập', 'Huyện', '21 22 21N, 105 01 25E', 25),
(235, 'Cẩm Khê', 'Huyện', '21 23 04N, 105 05 25E', 25),
(236, 'Tam Nông', 'Huyện', '21 18 24N, 105 14 59E', 25),
(237, 'Lâm Thao', 'Huyện', '21 19 37N, 105 18 09E', 25),
(238, 'Thanh Sơn', 'Huyện', '21 08 32N, 105 04 40E', 25),
(239, 'Thanh Thuỷ', 'Huyện', '21 07 26N, 105 17 18E', 25),
(240, 'Tân Sơn', 'Huyện', '', 25),
(243, 'Vĩnh Yên', 'Thành Phố', '21 18 26N, 105 35 33E', 26),
(244, 'Phúc Yên', 'Thị Xã', '21 18 55N, 105 43 54E', 26),
(246, 'Lập Thạch', 'Huyện', '21 24 45N, 105 25 39E', 26),
(247, 'Tam Dương', 'Huyện', '21 21 40N, 105 33 36E', 26),
(248, 'Tam Đảo', 'Huyện', '21 27 34N, 105 35 09E', 26),
(249, 'Bình Xuyên', 'Huyện', '21 19 48N, 105 39 43E', 26),
(250, 'Mê Linh', 'Huyện', '21 10 53N, 105 42 05E', 1),
(251, 'Yên Lạc', 'Huyện', '21 13 17N, 105 34 44E', 26),
(252, 'Vĩnh Tường', 'Huyện', '21 14 58N, 105 29 37E', 26),
(253, 'Sông Lô', 'Huyện', '', 26),
(256, 'Bắc Ninh', 'Thành Phố', '21 10 48N, 106 03 58E', 27),
(258, 'Yên Phong', 'Huyện', '21 12 40N, 105 59 36E', 27),
(259, 'Quế Võ', 'Huyện', '21 08 44N, 106 11 06E', 27),
(260, 'Tiên Du', 'Huyện', '21 07 37N, 106 02 19E', 27),
(261, 'Từ Sơn', 'Thị Xã', '21 07 12N, 105 57 26E', 27),
(262, 'Thuận Thành', 'Huyện', '21 02 24N, 106 04 10E', 27),
(263, 'Gia Bình', 'Huyện', '21 03 55N, 106 12 53E', 27),
(264, 'Lương Tài', 'Huyện', '21 01 33N, 106 13 28E', 27),
(268, 'Hà Đông', 'Quận', '20 57 25N, 105 45 21E', 1),
(269, 'Sơn Tây', 'Thị Xã', '21 05 51N, 105 28 27E', 1),
(271, 'Ba Vì', 'Huyện', '21 09 40N, 105 22 43E', 1),
(272, 'Phúc Thọ', 'Huyện', '21 06 32N, 105 34 52E', 1),
(273, 'Đan Phượng', 'Huyện', '21 07 13N, 105 40 49E', 1),
(274, 'Hoài Đức', 'Huyện', '21 01 25N, 105 42 03E', 1),
(275, 'Quốc Oai', 'Huyện', '20 58 45N, 105 36 43E', 1),
(276, 'Thạch Thất', 'Huyện', '21 02 17N, 105 33 05E', 1),
(277, 'Chương Mỹ', 'Huyện', '20 52 46N, 105 39 01E', 1),
(278, 'Thanh Oai', 'Huyện', '20 51 44N, 105 46 18E', 1),
(279, 'Thường Tín', 'Huyện', '20 49 59N, 105 22 19E', 1),
(280, 'Phú Xuyên', 'Huyện', '20 43 37N, 105 53 43E', 1),
(281, 'Ứng Hòa', 'Huyện', '20 42 41N, 105 47 58E', 1),
(282, 'Mỹ Đức', 'Huyện', '20 41 53N, 105 43 31E', 1),
(288, 'Hải Dương', 'Thành Phố', '20 56 14N, 106 18 21E', 30),
(290, 'Chí Linh', 'Huyện', '21 07 47N, 106 23 46E', 30),
(291, 'Nam Sách', 'Huyện', '21 00 15N, 106 20 26E', 30),
(292, 'Kinh Môn', 'Huyện', '21 00 04N, 106 30 23E', 30),
(293, 'Kim Thành', 'Huyện', '20 55 40N, 106 30 33E', 30),
(294, 'Thanh Hà', 'Huyện', '20 53 19N, 106 25 43E', 30),
(295, 'Cẩm Giàng', 'Huyện', '20 57 05N, 106 12 29E', 30),
(296, 'Bình Giang', 'Huyện', '20 52 36N, 106 11 24E', 30),
(297, 'Gia Lộc', 'Huyện', '20 51 01N, 106 17 34E', 30),
(298, 'Tứ Kỳ', 'Huyện', '20 49 05N, 106 24 05E', 30),
(299, 'Ninh Giang', 'Huyện', '20 45 13N, 106 20 09E', 30),
(300, 'Thanh Miện', 'Huyện', '20 46 02N, 106 12 26E', 30),
(303, 'Hồng Bàng', 'Quận', '20 52 37N, 106 38 32E', 31),
(304, 'Ngô Quyền', 'Quận', '20 51 13N, 106 41 57E', 31),
(305, 'Lê Chân', 'Quận', '20 50 12N, 106 40 30E', 31),
(306, 'Hải An', 'Quận', '20 49 38N, 106 45 57E', 31),
(307, 'Kiến An', 'Quận', '20 48 26N, 106 38 03E', 31),
(308, 'Đồ Sơn', 'Quận', '20 42 41N, 106 44 54E', 31),
(309, 'Kinh Dương', 'Quận', '', 31),
(311, 'Thuỷ Nguyên', 'Huyện', '20 56 36N, 106 39 38E', 31),
(312, 'An Dương', 'Huyện', '20 53 06N, 106 35 36E', 31),
(313, 'An Lão', 'Huyện', '20 47 54N, 106 33 19E', 31),
(314, 'Kiến Thụy', 'Huyện', '20 45 13N, 106 41 47E', 31),
(315, 'Tiên Lãng', 'Huyện', '20 42 23N, 106 36 03E', 31),
(316, 'Vĩnh Bảo', 'Huyện', '20 40 56N, 106 29 57E', 31),
(317, 'Cát Hải', 'Huyện', '20 47 09N, 106 58 07E', 31),
(318, 'Bạch Long Vĩ', 'Huyện', '20 08 41N, 107 42 51E', 31),
(323, 'Hưng Yên', 'Thành Phố', '20 39 38N, 106 03 08E', 33),
(325, 'Văn Lâm', 'Huyện', '20 58 31N, 106 02 51E', 33),
(326, 'Văn Giang', 'Huyện', '20 55 51N, 105 57 14E', 33),
(327, 'Yên Mỹ', 'Huyện', '20 53 45N, 106 01 21E', 33),
(328, 'Mỹ Hào', 'Huyện', '20 55 35N, 106 05 34E', 33),
(329, 'Ân Thi', 'Huyện', '20 48 49N, 106 05 30E', 33),
(330, 'Khoái Châu', 'Huyện', '20 49 53N, 105 58 28E', 33),
(331, 'Kim Động', 'Huyện', '20 44 47N, 106 01 47E', 33),
(332, 'Tiên Lữ', 'Huyện', '20 40 05N, 106 07 59E', 33),
(333, 'Phù Cừ', 'Huyện', '20 42 51N, 106 11 30E', 33),
(336, 'Thái Bình', 'Thành Phố', '20 26 45N, 106 19 56E', 34),
(338, 'Quỳnh Phụ', 'Huyện', '20 38 57N, 106 21 16E', 34),
(339, 'Hưng Hà', 'Huyện', '20 35 38N, 106 12 42E', 34),
(340, 'Đông Hưng', 'Huyện', '20 32 50N, 106 20 15E', 34),
(341, 'Thái Thụy', 'Huyện', '20 32 33N, 106 32 32E', 34),
(342, 'Tiền Hải', 'Huyện', '20 21 05N, 106 32 45E', 34),
(343, 'Kiến Xương', 'Huyện', '20 23 52N, 106 25 22E', 34),
(344, 'Vũ Thư', 'Huyện', '20 25 29N, 106 16 43E', 34),
(347, 'Phủ Lý', 'Thành Phố', '20 32 19N, 105 54 55E', 35),
(349, 'Duy Tiên', 'Huyện', '20 37 33N, 105 58 01E', 35),
(350, 'Kim Bảng', 'Huyện', '20 34 19N, 105 50 41E', 35),
(351, 'Thanh Liêm', 'Huyện', '20 27 31N, 105 55 09E', 35),
(352, 'Bình Lục', 'Huyện', '20 29 23N, 106 02 52E', 35),
(353, 'Lý Nhân', 'Huyện', '20 32 55N, 106 04 48E', 35),
(356, 'Nam Định', 'Thành Phố', '20 25 07N, 106 09 54E', 36),
(358, 'Mỹ Lộc', 'Huyện', '20 27 21N, 106 07 56E', 36),
(359, 'Vụ Bản', 'Huyện', '20 22 57N, 106 05 35E', 36),
(360, 'Ý Yên', 'Huyện', '20 19 48N, 106 01 55E', 36),
(361, 'Nghĩa Hưng', 'Huyện', '20 05 37N, 106 08 59E', 36),
(362, 'Nam Trực', 'Huyện', '20 20 08N, 106 12 54E', 36),
(363, 'Trực Ninh', 'Huyện', '20 14 42N, 106 12 45E', 36),
(364, 'Xuân Trường', 'Huyện', '20 17 53N, 106 21 43E', 36),
(365, 'Giao Thủy', 'Huyện', '20 14 45N, 106 28 39E', 36),
(366, 'Hải Hậu', 'Huyện', '20 06 26N, 106 16 29E', 36),
(369, 'Ninh Bình', 'Thành Phố', '20 14 45N, 105 58 24E', 37),
(370, 'Tam Điệp', 'Thị Xã', '20 09 42N, 103 52 43E', 37),
(372, 'Nho Quan', 'Huyện', '20 18 46N, 105 42 48E', 37),
(373, 'Gia Viễn', 'Huyện', '20 19 50N, 105 52 20E', 37),
(374, 'Hoa Lư', 'Huyện', '20 15 04N, 105 55 52E', 37),
(375, 'Yên Khánh', 'Huyện', '20 11 26N, 106 04 33E', 37),
(376, 'Kim Sơn', 'Huyện', '20 02 07N, 106 05 27E', 37),
(377, 'Yên Mô', 'Huyện', '20 07 45N, 105 59 45E', 37),
(380, 'Thanh Hóa', 'Thành Phố', '19 48 26N, 105 47 37E', 38),
(381, 'Bỉm Sơn', 'Thị Xã', '20 05 21N, 105 51 48E', 38),
(382, 'Sầm Sơn', 'Thị Xã', '19 45 11N, 105 54 03E', 38),
(384, 'Mường Lát', 'Huyện', '20 30 42N, 104 37 27E', 38),
(385, 'Quan Hóa', 'Huyện', '20 29 15N, 104 56 35E', 38),
(386, 'Bá Thước', 'Huyện', '20 22 48N, 105 14 50E', 38),
(387, 'Quan Sơn', 'Huyện', '20 15 17N, 104 51 58E', 38),
(388, 'Lang Chánh', 'Huyện', '20 08 58N, 105 07 40E', 38),
(389, 'Ngọc Lặc', 'Huyện', '20 04 08N, 105 22 39E', 38),
(390, 'Cẩm Thủy', 'Huyện', '20 12 20N, 105 27 22E', 38),
(391, 'Thạch Thành', 'Huyện', '21 12 41N, 105 36 38E', 38),
(392, 'Hà Trung', 'Huyện', '20 03 20N, 105 51 20E', 38),
(393, 'Vĩnh Lộc', 'Huyện', '20 02 29N, 105 39 28E', 38),
(394, 'Yên Định', 'Huyện', '20 00 31N, 105 37 44E', 38),
(395, 'Thọ Xuân', 'Huyện', '19 55 39N, 105 29 14E', 38),
(396, 'Thường Xuân', 'Huyện', '19 54 55N, 105 10 46E', 38),
(397, 'Triệu Sơn', 'Huyện', '19 48 11N, 105 34 03E', 38),
(398, 'Thiệu Hoá', 'Huyện', '19 53 56N, 105 40 57E', 38),
(399, 'Hoằng Hóa', 'Huyện', '19 51 59N, 105 51 34E', 38),
(400, 'Hậu Lộc', 'Huyện', '19 56 02N, 105 53 19E', 38),
(401, 'Nga Sơn', 'Huyện', '20 00 16N, 105 59 26E', 38),
(402, 'Như Xuân', 'Huyện', '19 5 55N, 105 20 22E', 38),
(403, 'Như Thanh', 'Huyện', '19 35 19N, 105 33 09E', 38),
(404, 'Nông Cống', 'Huyện', '19 36 58N, 105 40 54E', 38),
(405, 'Đông Sơn', 'Huyện', '19 47 44N, 105 42 19E', 38),
(406, 'Quảng Xương', 'Huyện', '19 40 53N, 105 48 01E', 38),
(407, 'Tĩnh Gia', 'Huyện', '19 27 13N, 105 43 38E', 38),
(412, 'Vinh', 'Thành Phố', '18 41 06N, 105 42 05E', 40),
(413, 'Cửa Lò', 'Thị Xã', '18 47 26N, 105 43 31E', 40),
(414, 'Thái Hoà', 'Thị Xã', '', 40),
(415, 'Quế Phong', 'Huyện', '19 42 25N, 104 54 21E', 40),
(416, 'Quỳ Châu', 'Huyện', '19 32 16N, 105 03 18E', 40),
(417, 'Kỳ Sơn', 'Huyện', '19 24 36N, 104 09 45E', 40),
(418, 'Tương Dương', 'Huyện', '19 19 15N, 104 35 41E', 40),
(419, 'Nghĩa Đàn', 'Huyện', '19 21 19N, 105 26 33E', 40),
(420, 'Quỳ Hợp', 'Huyện', '19 19 24N, 105 09 12E', 40),
(421, 'Quỳnh Lưu', 'Huyện', '19 14 01N, 105 37 00E', 40),
(422, 'Con Cuông', 'Huyện', '19 03 50N, 107 47 15E', 40),
(423, 'Tân Kỳ', 'Huyện', '19 06 11N, 105 14 14E', 40),
(424, 'Anh Sơn', 'Huyện', '18 58 04N, 105 04 30E', 40),
(425, 'Diễn Châu', 'Huyện', '19 01 20N, 105 34 13E', 40),
(426, 'Yên Thành', 'Huyện', '19 01 25N, 105 26 17E', 40),
(427, 'Đô Lương', 'Huyện', '18 55 00N, 105 21 03E', 40),
(428, 'Thanh Chương', 'Huyện', '18 44 11N, 105 12 59E', 40),
(429, 'Nghi Lộc', 'Huyện', '18 47 41N, 105 31 30E', 40),
(430, 'Nam Đàn', 'Huyện', '18 40 28N, 105 30 32E', 40),
(431, 'Hưng Nguyên', 'Huyện', '18 41 13N, 105 37 41E', 40),
(436, 'Hà Tĩnh', 'Thành Phố', '18 21 20N, 105 54 00E', 42),
(437, 'Hồng Lĩnh', 'Thị Xã', '18 32 05N, 105 42 40E', 42),
(439, 'Hương Sơn', 'Huyện', '18 26 47N, 105 19 36E', 42),
(440, 'Đức Thọ', 'Huyện', '18 29 23N, 105 36 39E', 42),
(441, 'Vũ Quang', 'Huyện', '18 19 30N, 105 26 38E', 42),
(442, 'Nghi Xuân', 'Huyện', '18 38 46N, 105 46 17E', 42),
(443, 'Can Lộc', 'Huyện', '18 26 39N, 105 46 13E', 42),
(444, 'Hương Khê', 'Huyện', '18 11 36N, 105 41 24E', 42),
(445, 'Thạch Hà', 'Huyện', '18 19 29N, 105 52 43E', 42),
(446, 'Cẩm Xuyên', 'Huyện', '18 11 32N, 106 00 04E', 42),
(447, 'Kỳ Anh', 'Huyện', '18 05 15N, 106 15 49E', 42),
(448, 'Lộc Hà', 'Huyện', '', 42),
(450, 'Đồng Hới', 'Thành Phố', '17 26 53N, 106 35 15E', 44),
(452, 'Minh Hóa', 'Huyện', '17 44 03N, 105 51 45E', 44),
(453, 'Tuyên Hóa', 'Huyện', '17 54 04N, 105 58 17E', 44),
(454, 'Quảng Trạch', 'Huyện', '17 50 04N, 106 22 24E', 44),
(455, 'Bố Trạch', 'Huyện', '17 29 13N, 106 06 54E', 44),
(456, 'Quảng Ninh', 'Huyện', '17 15 15N, 106 32 31E', 44),
(457, 'Lệ Thủy', 'Huyện', '17 07 35N, 106 41 47E', 44),
(461, 'Đông Hà', 'Thành Phố', '16 48 12N, 107 05 12E', 45),
(462, 'Quảng Trị', 'Thị Xã', '16 44 37N, 107 11 20E', 45),
(464, 'Vĩnh Linh', 'Huyện', '17 01 35N, 106 53 49E', 45),
(465, 'Hướng Hóa', 'Huyện', '16 42 19N, 106 40 14E', 45),
(466, 'Gio Linh', 'Huyện', '16 54 49N, 106 56 16E', 45),
(467, 'Đa Krông', 'Huyện', '16 33 58N, 106 55 49E', 45),
(468, 'Cam Lộ', 'Huyện', '16 47 09N, 106 57 52E', 45),
(469, 'Triệu Phong', 'Huyện', '16 46 32N, 107 09 12E', 45),
(470, 'Hải Lăng', 'Huyện', '16 41 07N, 107 13 34E', 45),
(471, 'Cồn Cỏ', 'Huyện', '19 09 39N, 107 19 58E', 45),
(474, 'Huế', 'Thành Phố', '16 27 16N, 107 34 29E', 46),
(476, 'Phong Điền', 'Huyện', '16 32 42N, 106 16 37E', 46),
(477, 'Quảng Điền', 'Huyện', '16 35 21N, 107 29 31E', 46),
(478, 'Phú Vang', 'Huyện', '16 27 20N, 107 42 28E', 46),
(479, 'Hương Thủy', 'Huyện', '16 19 27N, 107 37 26E', 46),
(480, 'Hương Trà', 'Huyện', '16 25 49N, 107 28 37E', 46),
(481, 'A Lưới', 'Huyện', '16 13 59N, 107 16 12E', 46),
(482, 'Phú Lộc', 'Huyện', '16 17 16N, 107 55 25E', 46),
(483, 'Nam Đông', 'Huyện', '16 07 11N, 107 41 25E', 46),
(490, 'Liên Chiểu', 'Quận', '16 07 26N, 108 07 04E', 48),
(491, 'Thanh Khê', 'Quận', '16 03 28N, 108 11 00E', 48),
(492, 'Hải Châu', 'Quận', '16 03 38N, 108 11 46E', 48),
(493, 'Sơn Trà', 'Quận', '16 06 13N, 108 16 26E', 48),
(494, 'Ngũ Hành Sơn', 'Quận', '16 00 30N, 108 15 09E', 48),
(495, 'Cẩm Lệ', 'Quận', '', 48),
(497, 'Hoà Vang', 'Huyện', '16 03 59N, 108 01 57E', 48),
(498, 'Hoàng Sa', 'Huyện', '16 21 36N, 111 57 01E', 48),
(502, 'Tam Kỳ', 'Thành Phố', '15 34 37N, 108 29 52E', 49),
(503, 'Hội An', 'Thành Phố', '15 53 20N, 108 20 42E', 49),
(504, 'Tây Giang', 'Huyện', '15 53 46N, 107 25 52E', 49),
(505, 'Đông Giang', 'Huyện', '15 54 44N, 107 47 06E', 49),
(506, 'Đại Lộc', 'Huyện', '15 50 10N, 107 58 27E', 49),
(507, 'Điện Bàn', 'Huyện', '15 54 15N, 108 13 38E', 49),
(508, 'Duy Xuyên', 'Huyện', '15 47 58N, 108 13 27E', 49),
(509, 'Quế Sơn', 'Huyện', '15 41 03N, 108 05 34E', 49),
(510, 'Nam Giang', 'Huyện', '15 36 37N, 107 33 52E', 49),
(511, 'Phước Sơn', 'Huyện', '15 23 17N, 107 50 22E', 49),
(512, 'Hiệp Đức', 'Huyện', '15 31 09N, 108 05 56E', 49),
(513, 'Thăng Bình', 'Huyện', '15 42 29N, 108 22 04E', 49),
(514, 'Tiên Phước', 'Huyện', '15 29 30N, 108 15 28E', 49),
(515, 'Bắc Trà My', 'Huyện', '15 08 00N, 108 05 32E', 49),
(516, 'Nam Trà My', 'Huyện', '15 16 40N, 108 12 15E', 49),
(517, 'Núi Thành', 'Huyện', '15 26 53N, 108 34 49E', 49),
(518, 'Phú Ninh', 'Huyện', '15 30 43N, 108 24 43E', 49),
(519, 'Nông Sơn', 'Huyện', '', 49),
(522, 'Quảng Ngãi', 'Thành Phố', '15 07 17N, 108 48 24E', 51),
(524, 'Bình Sơn', 'Huyện', '15 18 45N, 108 45 35E', 51),
(525, 'Trà Bồng', 'Huyện', '15 13 30N, 108 29 57E', 51),
(526, 'Tây Trà', 'Huyện', '15 11 13N, 108 22 23E', 51),
(527, 'Sơn Tịnh', 'Huyện', '15 11 49N, 108 45 03E', 51),
(528, 'Tư Nghĩa', 'Huyện', '15 05 25N, 108 45 23E', 51),
(529, 'Sơn Hà', 'Huyện', '14 58 35N, 108 29 09E', 51),
(530, 'Sơn Tây', 'Huyện', '14 58 11N, 108 21 22E', 51),
(531, 'Minh Long', 'Huyện', '14 56 49N, 108 40 19E', 51),
(532, 'Nghĩa Hành', 'Huyện', '14 58 06N, 108 46 05E', 51),
(533, 'Mộ Đức', 'Huyện', '11 59 13N, 108 52 21E', 51),
(534, 'Đức Phổ', 'Huyện', '14 44 59N, 108 56 58E', 51),
(535, 'Ba Tơ', 'Huyện', '14 42 52N, 108 43 44E', 51),
(536, 'Lý Sơn', 'Huyện', '15 22 50N, 109 06 56E', 51),
(540, 'Qui Nhơn', 'Thành Phố', '13 47 15N, 109 12 48E', 52),
(542, 'An Lão', 'Huyện', '14 32 10N, 108 47 52E', 52),
(543, 'Hoài Nhơn', 'Huyện', '14 30 56N, 109 01 56E', 52),
(544, 'Hoài Ân', 'Huyện', '14 20 51N, 108 54 04E', 52),
(545, 'Phù Mỹ', 'Huyện', '14 14 41N, 109 05 43E', 52),
(546, 'Vĩnh Thạnh', 'Huyện', '14 14 26N, 108 44 08E', 52),
(547, 'Tây Sơn', 'Huyện', '13 56 47N, 108 53 06E', 52),
(548, 'Phù Cát', 'Huyện', '14 03 48N, 109 03 57E', 52),
(549, 'An Nhơn', 'Huyện', '13 51 28N, 109 04 02E', 52),
(550, 'Tuy Phước', 'Huyện', '13 46 30N, 109 05 38E', 52),
(551, 'Vân Canh', 'Huyện', '13 40 35N, 108 57 52E', 52),
(555, 'Tuy Hòa', 'Thành Phố', '13 05 42N, 109 15 50E', 54),
(557, 'Sông Cầu', 'Thị Xã', '13 31 40N, 109 12 39E', 54),
(558, 'Đồng Xuân', 'Huyện', '13 24 59N, 108 56 46E', 54),
(559, 'Tuy An', 'Huyện', '13 15 19N, 109 12 21E', 54),
(560, 'Sơn Hòa', 'Huyện', '13 12 16N, 108 57 17E', 54),
(561, 'Sông Hinh', 'Huyện', '12 54 19N, 108 53 38E', 54),
(562, 'Tây Hoà', 'Huyện', '', 54),
(563, 'Phú Hoà', 'Huyện', '13 04 07N, 109 11 24E', 54),
(564, 'Đông Hoà', 'Huyện', '', 54),
(568, 'Nha Trang', 'Thành Phố', '12 15 40N, 109 10 40E', 56),
(569, 'Cam Ranh', 'Thị Xã', '11 59 05N, 108 08 17E', 56),
(570, 'Cam Lâm', 'Huyện', '', 56),
(571, 'Vạn Ninh', 'Huyện', '12 43 10N, 109 11 18E', 56),
(572, 'Ninh Hòa', 'Huyện', '12 32 54N, 109 06 11E', 56),
(573, 'Khánh Vĩnh', 'Huyện', '12 17 50N, 108 51 56E', 56),
(574, 'Diên Khánh', 'Huyện', '12 13 19N, 109 02 16E', 56),
(575, 'Khánh Sơn', 'Huyện', '12 02 17N, 108 53 47E', 56),
(576, 'Trường Sa', 'Huyện', '9 07 27N, 114 15 00E', 56),
(582, 'Phan Rang-Tháp Chàm', 'Thành Phố', '11 36 11N, 108 58 34E', 58),
(584, 'Bác Ái', 'Huyện', '11 54 45N, 108 51 29E', 58),
(585, 'Ninh Sơn', 'Huyện', '11 42 36N, 108 44 55E', 58),
(586, 'Ninh Hải', 'Huyện', '11 42 46N, 109 05 41E', 58),
(587, 'Ninh Phước', 'Huyện', '11 28 56N, 108 50 34E', 58),
(588, 'Thuận Bắc', 'Huyện', '', 58),
(589, 'Thuận Nam', 'Huyện', '', 58),
(593, 'Phan Thiết', 'Thành Phố', '10 54 16N, 108 03 44E', 60),
(594, 'La Gi', 'Thị Xã', '', 60),
(595, 'Tuy Phong', 'Huyện', '11 20 26N, 108 41 15E', 60),
(596, 'Bắc Bình', 'Huyện', '11 15 52N, 108 21 33E', 60),
(597, 'Hàm Thuận Bắc', 'Huyện', '11 09 18N, 108 03 07E', 60),
(598, 'Hàm Thuận Nam', 'Huyện', '10 56 20N, 107 54 38E', 60),
(599, 'Tánh Linh', 'Huyện', '11 08 26N, 107 41 22E', 60),
(600, 'Đức Linh', 'Huyện', '11 11 43N, 107 31 34E', 60),
(601, 'Hàm Tân', 'Huyện', '10 44 41N, 107 41 33E', 60),
(602, 'Phú Quí', 'Huyện', '10 33 13N, 108 57 46E', 60),
(608, 'Kon Tum', 'Thành Phố', '14 20 32N, 107 58 04E', 62),
(610, 'Đắk Glei', 'Huyện', '15 08 13N, 107 44 03E', 62),
(611, 'Ngọc Hồi', 'Huyện', '14 44 23N, 107 38 49E', 62),
(612, 'Đắk Tô', 'Huyện', '14 46 49N, 107 55 36E', 62),
(613, 'Kon Plông', 'Huyện', '14 48 13N, 108 20 05E', 62),
(614, 'Kon Rẫy', 'Huyện', '14 32 56N, 108 13 09E', 62),
(615, 'Đắk Hà', 'Huyện', '14 36 50N, 107 59 55E', 62),
(616, 'Sa Thầy', 'Huyện', '14 16 02N, 107 36 30E', 62),
(617, 'Tu Mơ Rông', 'Huyện', '', 62),
(622, 'Pleiku', 'Thành Phố', '13 57 42N, 107 58 03E', 64),
(623, 'An Khê', 'Thị Xã', '14 01 24N, 108 41 29E', 64),
(624, 'Ayun Pa', 'Thị Xã', '', 64),
(625, 'Kbang', 'Huyện', '14 18 08N, 108 29 17E', 64),
(626, 'Đăk Đoa', 'Huyện', '14 07 02N, 108 09 36E', 64),
(627, 'Chư Păh', 'Huyện', '14 13 30N, 107 56 33E', 64),
(628, 'Ia Grai', 'Huyện', '13 59 25N, 107 43 16E', 64),
(629, 'Mang Yang', 'Huyện', '13 57 26N, 108 18 37E', 64),
(630, 'Kông Chro', 'Huyện', '13 45 47N, 108 36 04E', 64),
(631, 'Đức Cơ', 'Huyện', '13 46 16N, 107 38 26E', 64),
(632, 'Chư Prông', 'Huyện', '13 35 39N, 107 47 36E', 64),
(633, 'Chư Sê', 'Huyện', '13 37 04N, 108 06 56E', 64),
(634, 'Đăk Pơ', 'Huyện', '13 55 47N, 108 36 16E', 64),
(635, 'Ia Pa', 'Huyện', '13 31 37N, 108 30 34E', 64),
(637, 'Krông Pa', 'Huyện', '13 14 13N, 108 39 12E', 64),
(638, 'Phú Thiện', 'Huyện', '', 64),
(639, 'Chư Pưh', 'Huyện', '', 64),
(643, 'Buôn Ma Thuột', 'Thành Phố', '12 39 43N, 108 10 40E', 66),
(644, 'Buôn Hồ', 'Thị Xã', '', 66),
(645, 'Ea H''leo', 'Huyện', '13 13 52N, 108 12 30E', 66),
(646, 'Ea Súp', 'Huyện', '13 10 59N, 107 46 49E', 66),
(647, 'Buôn Đôn', 'Huyện', '12 52 45N, 107 45 20E', 66),
(648, 'Cư M''gar', 'Huyện', '12 53 47N, 108 04 16E', 66),
(649, 'Krông Búk', 'Huyện', '12 56 27N, 108 13 54E', 66),
(650, 'Krông Năng', 'Huyện', '12 59 41N, 108 23 42E', 66),
(651, 'Ea Kar', 'Huyện', '12 48 17N, 108 32 42E', 66),
(652, 'M''đrắk', 'Huyện', '12 42 14N, 108 47 09E', 66),
(653, 'Krông Bông', 'Huyện', '12 27 08N, 108 27 01E', 66),
(654, 'Krông Pắc', 'Huyện', '12 41 20N, 108 18 42E', 66),
(655, 'Krông A Na', 'Huyện', '12 31 51N, 108 05 03E', 66),
(656, 'Lắk', 'Huyện', '12 19 20N, 108 12 17E', 66),
(657, 'Cư Kuin', 'Huyện', '', 66),
(660, 'Gia Nghĩa', 'Thị Xã', '', 67),
(661, 'Đắk Glong', 'Huyện', '12 01 53N, 107 50 37E', 67),
(662, 'Cư Jút', 'Huyện', '12 40 56N, 107 44 44E', 67),
(663, 'Đắk Mil', 'Huyện', '12 31 08N, 107 42 24E', 67),
(664, 'Krông Nô', 'Huyện', '12 22 16N, 107 53 49E', 67),
(665, 'Đắk Song', 'Huyện', '12 14 04N, 107 36 30E', 67),
(666, 'Đắk R''lấp', 'Huyện', '12 02 30N, 107 25 59E', 67),
(667, 'Tuy Đức', 'Huyện', '', 67),
(672, 'Đà Lạt', 'Thành Phố', '11 54 33N, 108 27 08E', 68),
(673, 'Bảo Lộc', 'Thị Xã', '11 32 48N, 107 47 37E', 68),
(674, 'Đam Rông', 'Huyện', '12 02 35N, 108 10 26E', 68),
(675, 'Lạc Dương', 'Huyện', '12 08 30N, 108 27 48E', 68),
(676, 'Lâm Hà', 'Huyện', '11 55 26N, 108 11 31E', 68),
(677, 'Đơn Dương', 'Huyện', '11 48 26N, 108 32 48E', 68),
(678, 'Đức Trọng', 'Huyện', '11 41 50N, 108 18 58E', 68),
(679, 'Di Linh', 'Huyện', '11 31 10N, 108 05 23E', 68),
(680, 'Bảo Lâm', 'Huyện', '11 38 31N, 107 43 25E', 68),
(681, 'Đạ Huoai', 'Huyện', '11 27 11N, 107 38 08E', 68),
(682, 'Đạ Tẻh', 'Huyện', '11 33 46N, 107 32 00E', 68),
(683, 'Cát Tiên', 'Huyện', '11 39 38N, 107 23 27E', 68),
(688, 'Phước Long', 'Thị Xã', '', 70),
(689, 'Đồng Xoài', 'Thị Xã', '11 31 01N, 106 50 21E', 70),
(690, 'Bình Long', 'Thị Xã', '', 70),
(691, 'Bù Gia Mập', 'Huyện', '11 56 57N, 106 59 21E', 70),
(692, 'Lộc Ninh', 'Huyện', '11 49 28N, 106 35 11E', 70),
(693, 'Bù Đốp', 'Huyện', '11 59 08N, 106 49 54E', 70),
(694, 'Hớn Quản', 'Huyện', '11 37 37N, 106 36 02E', 70),
(695, 'Đồng Phù', 'Huyện', '11 28 45N, 106 57 07E', 70),
(696, 'Bù Đăng', 'Huyện', '11 46 09N, 107 14 14E', 70),
(697, 'Chơn Thành', 'Huyện', '11 28 45N, 106 39 26E', 70),
(703, 'Tây Ninh', 'Thị Xã', '11 21 59N, 106 07 47E', 72),
(705, 'Tân Biên', 'Huyện', '11 35 14N, 105 57 53E', 72),
(706, 'Tân Châu', 'Huyện', '11 34 49N, 106 17 48E', 72),
(707, 'Dương Minh Châu', 'Huyện', '11 22 04N, 106 16 58E', 72),
(708, 'Châu Thành', 'Huyện', '11 19 02N, 106 00 15E', 72),
(709, 'Hòa Thành', 'Huyện', '11 15 31N, 106 08 44E', 72),
(710, 'Gò Dầu', 'Huyện', '11 09 39N, 106 14 42E', 72),
(711, 'Bến Cầu', 'Huyện', '11 07 50N, 106 08 25E', 72),
(712, 'Trảng Bàng', 'Huyện', '11 06 18N, 106 23 12E', 72),
(718, 'Thủ Dầu Một', 'Thị Xã', '11 00 01N, 106 38 56E', 74),
(720, 'Dầu Tiếng', 'Huyện', '11 19 07N, 106 26 59E', 74),
(721, 'Bến Cát', 'Huyện', '11 12 42N, 106 36 28E', 74),
(722, 'Phú Giáo', 'Huyện', '11 20 21N, 106 47 48E', 74),
(723, 'Tân Uyên', 'Huyện', '11 06 31N, 106 49 02E', 74),
(724, 'Dĩ An', 'Huyện', '10 55 03N, 106 47 09E', 74),
(725, 'Thuận An', 'Huyện', '10 55 58N, 106 41 59E', 74),
(731, 'Biên Hòa', 'Thành Phố', '10 56 31N, 106 50 50E', 75),
(732, 'Long Khánh', 'Thị Xã', '10 56 24N, 107 14 29E', 75),
(734, 'Tân Phú', 'Huyện', '11 22 51N, 107 21 35E', 75),
(735, 'Vĩnh Cửu', 'Huyện', '11 14 31N, 107 00 06E', 75),
(736, 'Định Quán', 'Huyện', '11 12 41N, 107 17 03E', 75),
(737, 'Trảng Bom', 'Huyện', '10 58 39N, 107 00 52E', 75),
(738, 'Thống Nhất', 'Huyện', '10 58 29N, 107 09 26E', 75),
(739, 'Cẩm Mỹ', 'Huyện', '10 47 05N, 107 14 36E', 75),
(740, 'Long Thành', 'Huyện', '10 47 38N, 106 59 42E', 75),
(741, 'Xuân Lộc', 'Huyện', '10 55 39N, 107 24 21E', 75),
(742, 'Nhơn Trạch', 'Huyện', '10 39 18N, 106 53 18E', 75),
(747, 'Vũng Tầu', 'Thành Phố', '10 24 08N, 107 07 05E', 77),
(748, 'Bà Rịa', 'Thị Xã', '10 30 33N, 107 10 47E', 77),
(750, 'Châu Đức', 'Huyện', '10 39 23N, 107 15 08E', 77),
(751, 'Xuyên Mộc', 'Huyện', '10 37 46N, 107 29 39E', 77),
(752, 'Long Điền', 'Huyện', '10 26 47N, 107 12 53E', 77),
(753, 'Đất Đỏ', 'Huyện', '10 28 40N, 107 18 27E', 77),
(754, 'Tân Thành', 'Huyện', '10 34 50N, 107 05 06E', 77),
(755, 'Côn Đảo', 'Huyện', '8 42 25N, 106 36 05E', 77),
(760, '1', 'Quận', '10 46 34N, 106 41 45E', 79),
(761, '12', 'Quận', '10 51 43N, 106 39 32E', 79),
(762, 'Thủ Đức', 'Quận', '10 51 20N, 106 45 05E', 79),
(763, '9', 'Quận', '10 49 49N, 106 49 03E', 79),
(764, 'Gò Vấp', 'Quận', '10 50 12N, 106 39 52E', 79),
(765, 'Bình Thạnh', 'Quận', '10 48 46N, 106 42 57E', 79),
(766, 'Tân Bình', 'Quận', '10 48 13N, 106 39 03E', 79),
(767, 'Tân Phú', 'Quận', '10 47 32N, 106 37 31E', 79),
(768, 'Phú Nhuận', 'Quận', '10 48 06N, 106 40 39E', 79),
(769, '2', 'Quận', '10 46 51N, 106 45 25E', 79),
(770, '3', 'Quận', '10 46 48N, 106 40 46E', 79),
(771, '10', 'Quận', '10 46 25N, 106 40 02E', 79),
(772, '11', 'Quận', '10 46 01N, 106 38 44E', 79),
(773, '4', 'Quận', '10 45 42N, 106 42 09E', 79),
(774, '5', 'Quận', '10 45 24N, 106 40 00E', 79),
(775, '6', 'Quận', '10 44 46N, 106 38 10E', 79),
(776, '8', 'Quận', '10 43 24N, 106 37 40E', 79),
(777, 'Bình Tân', 'Quận', '10 46 16N, 106 35 26E', 79),
(778, '7', 'Quận', '10 44 19N, 106 43 35E', 79),
(783, 'Củ Chi', 'Huyện', '11 02 17N, 106 30 20E', 79),
(784, 'Hóc Môn', 'Huyện', '10 52 42N, 106 35 33E', 79),
(785, 'Bình Chánh', 'Huyện', '10 45 01N, 106 30 45E', 79),
(786, 'Nhà Bè', 'Huyện', '10 39 06N, 106 43 35E', 79),
(787, 'Cần Giờ', 'Huyện', '10 30 43N, 106 52 50E', 79),
(794, 'Tân An', 'Thành Phố', '10 31 36N, 106 24 06E', 80),
(796, 'Tân Hưng', 'Huyện', '10 49 05N, 105 39 26E', 80),
(797, 'Vĩnh Hưng', 'Huyện', '10 52 54N, 105 45 58E', 80),
(798, 'Mộc Hóa', 'Huyện', '10 47 09N, 105 57 56E', 80),
(799, 'Tân Thạnh', 'Huyện', '10 37 44N, 105 57 07E', 80),
(800, 'Thạnh Hóa', 'Huyện', '10 41 37N, 106 11 08E', 80),
(801, 'Đức Huệ', 'Huyện', '10 51 57N, 106 15 48E', 80),
(802, 'Đức Hòa', 'Huyện', '10 53 04N, 106 23 58E', 80),
(803, 'Bến Lức', 'Huyện', '10 41 40N, 106 26 28E', 80),
(804, 'Thủ Thừa', 'Huyện', '10 39 41N, 106 20 12E', 80),
(805, 'Tân Trụ', 'Huyện', '10 31 47N, 106 30 06E', 80),
(806, 'Cần Đước', 'Huyện', '10 32 21N, 106 36 33E', 80),
(807, 'Cần Giuộc', 'Huyện', '10 34 43N, 106 38 35E', 80),
(808, 'Châu Thành', 'Huyện', '10 27 52N, 106 30 00E', 80),
(815, 'Mỹ Tho', 'Thành Phố', '10 22 14N, 106 21 52E', 82),
(816, 'Gò Công', 'Thị Xã', '10 21 55N, 106 40 24E', 82),
(818, 'Tân Phước', 'Huyện', '10 30 36N, 106 13 02E', 82),
(819, 'Cái Bè', 'Huyện', '10 24 21N, 105 56 01E', 82),
(820, 'Cai Lậy', 'Huyện', '10 24 20N, 106 06 05E', 82),
(821, 'Châu Thành', 'Huyện', '20 25 21N, 106 16 57E', 82),
(822, 'Chợ Gạo', 'Huyện', '10 23 45N, 106 26 53E', 82),
(823, 'Gò Công Tây', 'Huyện', '10 19 55N, 106 35 02E', 82),
(824, 'Gò Công Đông', 'Huyện', '10 20 42N, 106 42 54E', 82),
(825, 'Tân Phú Đông', 'Huyện', '', 82),
(829, 'Bến Tre', 'Thành Phố', '10 14 17N, 106 22 26E', 83),
(831, 'Châu Thành', 'Huyện', '10 17 24N, 106 17 45E', 83),
(832, 'Chợ Lách', 'Huyện', '10 13 26N, 106 09 08E', 83),
(833, 'Mỏ Cày Nam', 'Huyện', '10 06 56N, 106 19 40E', 83),
(834, 'Giồng Trôm', 'Huyện', '10 08 46N, 106 28 12E', 83),
(835, 'Bình Đại', 'Huyện', '10 09 56N, 106 37 46E', 83),
(836, 'Ba Tri', 'Huyện', '10 04 08N, 106 35 10E', 83),
(837, 'Thạnh Phú', 'Huyện', '9 55 53N, 106 32 45E', 83),
(838, 'Mỏ Cày Bắc', 'Huyện', '', 83),
(842, 'Trà Vinh', 'Thị Xã', '9 57 09N, 106 20 39E', 84),
(844, 'Càng Long', 'Huyện', '9 58 18N, 106 12 52E', 84),
(845, 'Cầu Kè', 'Huyện', '9 51 23N, 106 03 33E', 84),
(846, 'Tiểu Cần', 'Huyện', '9 48 37N, 106 12 06E', 84),
(847, 'Châu Thành', 'Huyện', '9 52 57N, 106 24 12E', 84),
(848, 'Cầu Ngang', 'Huyện', '9 47 14N, 106 29 19E', 84),
(849, 'Trà Cú', 'Huyện', '9 42 06N, 106 16 24E', 84),
(850, 'Duyên Hải', 'Huyện', '9 39 58N, 106 26 23E', 84),
(855, 'Vĩnh Long', 'Thành Phố', '10 15 09N, 105 56 08E', 86),
(857, 'Long Hồ', 'Huyện', '10 13 58N, 105 55 47E', 86),
(858, 'Mang Thít', 'Huyện', '10 10 58N, 106 05 13E', 86),
(859, 'Vũng Liêm', 'Huyện', '10 03 32N, 106 10 35E', 86),
(860, 'Tam Bình', 'Huyện', '10 03 58N, 105 58 03E', 86),
(861, 'Bình Minh', 'Huyện', '10 05 45N, 105 47 21E', 86),
(862, 'Trà Ôn', 'Huyện', '9 59 20N, 105 57 56E', 86),
(863, 'Bình Tân', 'Huyện', '', 86),
(866, 'Cao Lãnh', 'Thành Phố', '10 27 38N, 105 37 21E', 87),
(867, 'Sa Đéc', 'Thị Xã', '10 19 22N, 105 44 31E', 87),
(868, 'Hồng Ngự', 'Thị Xã', '', 87),
(869, 'Tân Hồng', 'Huyện', '10 52 48N, 105 29 21E', 87),
(870, 'Hồng Ngự', 'Huyện', '10 48 13N, 105 19 00E', 87),
(871, 'Tam Nông', 'Huyện', '10 44 06N, 105 30 58E', 87),
(872, 'Tháp Mười', 'Huyện', '10 33 36N, 105 47 13E', 87),
(873, 'Cao Lãnh', 'Huyện', '10 29 03N, 105 41 40E', 87),
(874, 'Thanh Bình', 'Huyện', '10 36 38N, 105 28 51E', 87),
(875, 'Lấp Vò', 'Huyện', '10 21 27N, 105 36 06E', 87),
(876, 'Lai Vung', 'Huyện', '10 14 43N, 105 38 40E', 87),
(877, 'Châu Thành', 'Huyện', '10 13 27N, 105 48 38E', 87),
(883, 'Long Xuyên', 'Thành Phố', '10 22 22N, 105 25 33E', 89),
(884, 'Châu Đốc', 'Thị Xã', '10 41 20N, 105 05 15E', 89),
(886, 'An Phú', 'Huyện', '10 50 12N, 105 05 33E', 89),
(887, 'Tân Châu', 'Thị Xã', '10 49 11N, 105 11 18E', 89),
(888, 'Phú Tân', 'Huyện', '10 40 26N, 105 14 40E', 89),
(889, 'Châu Phú', 'Huyện', '10 34 12N, 105 12 13E', 89),
(890, 'Tịnh Biên', 'Huyện', '10 33 30N, 105 00 17E', 89),
(891, 'Tri Tôn', 'Huyện', '10 24 41N, 104 56 58E', 89),
(892, 'Châu Thành', 'Huyện', '10 25 39N, 105 15 31E', 89),
(893, 'Chợ Mới', 'Huyện', '10 27 23N, 105 26 57E', 89),
(894, 'Thoại Sơn', 'Huyện', '10 16 45N, 105 15 59E', 89),
(899, 'Rạch Giá', 'Thành Phố', '10 01 35N, 105 06 20E', 91),
(900, 'Hà Tiên', 'Thị Xã', '10 22 54N, 104 30 10E', 91),
(902, 'Kiên Lương', 'Huyện', '10 20 21N, 104 39 46E', 91),
(903, 'Hòn Đất', 'Huyện', '10 14 20N, 104 55 57E', 91),
(904, 'Tân Hiệp', 'Huyện', '10 05 18N, 105 14 04E', 91),
(905, 'Châu Thành', 'Huyện', '9 57 37N, 105 10 16E', 91),
(906, 'Giồng Giềng', 'Huyện', '9 56 05N, 105 22 06E', 91),
(907, 'Gò Quao', 'Huyện', '9 43 17N, 105 17 06E', 91),
(908, 'An Biên', 'Huyện', '9 48 37N, 105 03 18E', 91),
(909, 'An Minh', 'Huyện', '9 40 24N, 104 59 05E', 91),
(910, 'Vĩnh Thuận', 'Huyện', '9 33 25N, 105 11 30E', 91),
(911, 'Phú Quốc', 'Huyện', '10 13 44N, 103 57 25E', 91),
(912, 'Kiên Hải', 'Huyện', '9 48 31N, 104 37 48E', 91),
(913, 'U Minh Thượng', 'Huyện', '', 91),
(914, 'Giang Thành', 'Huyện', '', 91),
(916, 'Ninh Kiều', 'Quận', '10 01 58N, 105 45 34E', 92),
(917, 'Ô Môn', 'Quận', '10 07 28N, 105 37 51E', 92),
(918, 'Bình Thuỷ', 'Quận', '10 03 42N, 105 43 17E', 92),
(919, 'Cái Răng', 'Quận', '9 59 57N, 105 46 56E', 92),
(923, 'Thốt Nốt', 'Quận', '10 14 23N, 105 32 02E', 92),
(924, 'Vĩnh Thạnh', 'Huyện', '10 11 35N, 105 22 45E', 92),
(925, 'Cờ Đỏ', 'Huyện', '10 02 48N, 105 29 46E', 92),
(926, 'Phong Điền', 'Huyện', '9 59 57N, 105 39 35E', 92),
(927, 'Thới Lai', 'Huyện', '', 92),
(930, 'Vị Thanh', 'Thị Xã', '9 45 15N, 105 24 50E', 93),
(931, 'Ngã Bảy', 'Thị Xã', '', 93),
(932, 'Châu Thành A', 'Huyện', '9 55 50N, 105 38 31E', 93),
(933, 'Châu Thành', 'Huyện', '9 55 22N, 105 48 37E', 93),
(934, 'Phụng Hiệp', 'Huyện', '9 47 20N, 105 43 29E', 93),
(935, 'Vị Thuỷ', 'Huyện', '9 48 05N, 105 32 13E', 93),
(936, 'Long Mỹ', 'Huyện', '9 40 47N, 105 30 53E', 93),
(941, 'Sóc Trăng', 'Thành Phố', '9 36 39N, 105 59 00E', 94),
(942, 'Châu Thành', 'Huyện', '', 94),
(943, 'Kế Sách', 'Huyện', '9 49 30N, 105 57 25E', 94),
(944, 'Mỹ Tú', 'Huyện', '9 38 21N, 105 49 52E', 94),
(945, 'Cù Lao Dung', 'Huyện', '9 37 36N, 106 12 13E', 94),
(946, 'Long Phú', 'Huyện', '9 34 38N, 106 06 07E', 94),
(947, 'Mỹ Xuyên', 'Huyện', '9 28 16N, 105 55 51E', 94),
(948, 'Ngã Năm', 'Huyện', '9 31 38N, 105 37 22E', 94),
(949, 'Thạnh Trị', 'Huyện', '9 28 05N, 105 43 02E', 94),
(950, 'Vĩnh Châu', 'Huyện', '9 20 50N, 105 59 58E', 94),
(951, 'Trần Đề', 'Huyện', '', 94),
(954, 'Bạc Liêu', 'Thị Xã', '9 16 05N, 105 45 08E', 95),
(956, 'Hồng Dân', 'Huyện', '9 30 37N, 105 24 25E', 95),
(957, 'Phước Long', 'Huyện', '9 23 13N, 105 24 41E', 95),
(958, 'Vĩnh Lợi', 'Huyện', '9 16 51N, 105 40 54E', 95),
(959, 'Giá Rai', 'Huyện', '9 15 51N, 105 23 18E', 95),
(960, 'Đông Hải', 'Huyện', '9 08 11N, 105 24 42E', 95),
(961, 'Hoà Bình', 'Huyện', '', 95),
(964, 'Cà Mau', 'Thành Phố', '9 10 33N, 105 11 11E', 96),
(966, 'U Minh', 'Huyện', '9 22 30N, 104 57 00E', 96),
(967, 'Thới Bình', 'Huyện', '9 22 50N, 105 07 35E', 96),
(968, 'Trần Văn Thời', 'Huyện', '9 07 36N, 104 57 27E', 96),
(969, 'Cái Nước', 'Huyện', '9 00 31N, 105 03 23E', 96),
(970, 'Đầm Dơi', 'Huyện', '8 57 48N, 105 13 56E', 96),
(971, 'Năm Căn', 'Huyện', '8 46 59N, 104 58 20E', 96),
(972, 'Phú Tân', 'Huyện', '8 52 47N, 104 53 35E', 96),
(973, 'Ngọc Hiển', 'Huyện', '8 40 47N, 104 57 58E', 96);

-- --------------------------------------------------------

--
-- Table structure for table `photo`
--

CREATE TABLE IF NOT EXISTS `photo` (
  `PHOTOID` int(11) NOT NULL AUTO_INCREMENT,
  `URL` text COLLATE utf8_unicode_ci,
  `REALTYID` int(11) DEFAULT NULL,
  `DESCRIPTION` varchar(100) COLLATE utf8_unicode_ci DEFAULT NULL,
  PRIMARY KEY (`PHOTOID`),
  KEY `FK_REFERENCE_5` (`REALTYID`)
) ENGINE=InnoDB  DEFAULT CHARSET=utf8 COLLATE=utf8_unicode_ci AUTO_INCREMENT=91 ;

--
-- Dumping data for table `photo`
--

INSERT INTO `photo` (`PHOTOID`, `URL`, `REALTYID`, `DESCRIPTION`) VALUES
(5, '0guestthumb745x510.20141030094926866.jpg', 53, NULL),
(6, '1guestthumb745x510.20141030094928411.jpg', 53, NULL),
(7, '2guestthumb745x510.20141030094938956.jpg', 53, NULL),
(8, '3guestthumb745x510.20141213201216526.jpg', 53, NULL),
(9, '0guestthumb745x510.20140921112852746.jpg', 54, NULL),
(10, '1guestthumb745x510.20141022110211976.jpg', 54, NULL),
(11, '2guestthumb745x510.20141030094926866.jpg', 54, NULL),
(12, '3guestthumb745x510.20141104163733218.jpg', 54, NULL),
(13, '0guestthumb745x510.20141218155538247.jpg', 55, NULL),
(14, '1guestthumb745x510.20141218155543580.jpg', 55, NULL),
(15, '2guestthumb745x510.20141218155548069.jpg', 55, NULL),
(16, '3guestthumb745x510.20141218155559680.jpg', 55, NULL),
(17, '0guestthumb745x510.20141014104449030.jpg', 56, NULL),
(18, '1guestthumb745x510.20141014104449186.jpg', 56, NULL),
(19, '2guestthumb745x510.20141014104449202.jpg', 56, NULL),
(20, '3guestthumb745x510.20141014104449311.jpg', 56, NULL),
(21, '0guestthumb745x510.20141105154949232.jpg', 57, NULL),
(22, '1guestthumb745x510.20141105154949248.jpg', 57, NULL),
(23, '2guestthumb745x510.20141105154949498.jpg', 57, NULL),
(24, '3guestthumb745x510.20141105154949544.jpg', 57, NULL),
(25, '0guestthumb745x510.20141020092818763.jpg', 58, NULL),
(26, '1thumb745x510.439050.jpg', 58, NULL),
(27, '2thumb745x510.439051.jpg', 58, NULL),
(28, '3thumb745x510.439052.jpg', 58, NULL),
(29, '0thumb745x510.318842.jpg', 59, NULL),
(30, '1thumb745x510.318843.jpg', 59, NULL),
(31, '2thumb745x510.318845.jpg', 59, NULL),
(32, '3thumb745x510.318846.jpg', 59, NULL),
(33, '0guestthumb745x510.20150103084117490.jpg', 60, NULL),
(34, '1guestthumb745x510.20150103084120782.jpg', 60, NULL),
(35, '2guestthumb745x510.20150103084124214.jpg', 60, NULL),
(36, '3guestthumb745x510.20150103084157583.jpg', 60, NULL),
(37, '0guestthumb745x510.20141123080545104.jpg', 61, NULL),
(38, '1guestthumb745x510.20141123080545244.jpg', 61, NULL),
(39, '2guestthumb745x510.20141123080545447.jpg', 61, NULL),
(40, '3guestthumb745x510.20141123080545588.jpg', 61, NULL),
(41, '0guestthumb745x510.20141203105650015.jpg', 62, NULL),
(42, '1guestthumb745x510.20141203105656052.jpg', 62, NULL),
(43, '2guestthumb745x510.20141203105656115.jpg', 62, NULL),
(44, '3guestthumb745x510.20141203105704071.jpg', 62, NULL),
(45, '0thumb745x510.494038.jpg', 63, NULL),
(46, '1thumb745x510.495682.jpg', 63, NULL),
(47, '2thumb745x510.495690.jpg', 63, NULL),
(48, '3thumb745x510.495691.jpg', 63, NULL),
(49, '0guestthumb80x60.20150101165405740.jpg', 64, NULL),
(50, '0guestthumb745x510.20140609094452712.jpg', 65, NULL),
(51, '1guestthumb745x510.20140609094513461.jpg', 65, NULL),
(52, '2guestthumb745x510.20140609094515411.jpg', 65, NULL),
(53, '3guestthumb745x510.20140609094515910.jpg', 65, NULL),
(54, '4guestthumb745x510.20140609094520980.jpg', 65, NULL),
(55, '5guestthumb745x510.20140609094521698.jpg', 65, NULL),
(56, '6guestthumb745x510.20140609094522836.jpg', 65, NULL),
(57, '7guestthumb745x510.20140609094601993.jpg', 65, NULL),
(58, '8guestthumb745x510.20140609094624552.jpg', 65, NULL),
(59, '0guestthumb745x510.20150104095553361.jpg', 66, NULL),
(60, '1guestthumb745x510.20150104095553408.jpg', 66, NULL),
(61, '2guestthumb745x510.20150104095553439.jpg', 66, NULL),
(62, '3guestthumb745x510.20150104095553501.jpg', 66, NULL),
(63, '4guestthumb745x510.20150104095553517.jpg', 66, NULL),
(64, '5guestthumb745x510.20150104095553533.jpg', 66, NULL),
(65, '0guestthumb745x510.20150103125037403.jpg', 67, NULL),
(66, '1guestthumb745x510.20150103125117090.jpg', 67, NULL),
(67, '2guestthumb745x510.20150103125119134.jpg', 67, NULL),
(68, '3guestthumb745x510.20150103125121365.jpg', 67, NULL),
(69, '4guestthumb745x510.20150103125225296.jpg', 67, NULL),
(70, '0guestthumb745x510.20131130110730927.jpg', 68, NULL),
(71, '1guestthumb745x510.20131130110738555.jpg', 68, NULL),
(72, '0guestthumb745x510.20141027101051805.jpg', 69, NULL),
(73, '0guestthumb745x510.20141228153006900.jpg', 70, NULL),
(74, '1guestthumb745x510.20141228153308521.jpg', 70, NULL),
(75, '2guestthumb745x510.20141228153536694.jpg', 70, NULL),
(76, '3guestthumb745x510.20141228153641624.jpg', 70, NULL),
(77, '4guestthumb745x510.20141228153710563.jpg', 70, NULL),
(78, '5guestthumb745x510.20141228153939251.jpg', 70, NULL),
(79, '6guestthumb745x510.20141228154219187.jpg', 70, NULL),
(80, '0guestthumb745x510.20140829100955048.jpg', 71, NULL),
(81, '1guestthumb745x510.20140829101017029.jpg', 71, NULL),
(82, '2guestthumb745x510.20141213155333636.jpg', 71, NULL),
(83, '3guestthumb745x510.20141213155414322.jpg', 71, NULL),
(84, '0201406234142_img_6828.jpg', 72, NULL),
(85, '1201406234205_img_6827.jpg', 72, NULL),
(86, '2201406234239_img_6833.jpg', 72, NULL),
(87, '0guestthumb745x510.20141030094926866.jpg', 74, NULL),
(88, '1guestthumb745x510.20141030094928411.jpg', 74, NULL),
(89, '2guestthumb745x510.20141030094938956.jpg', 74, NULL),
(90, '3guestthumb745x510.20141213201216526.jpg', 74, NULL);

-- --------------------------------------------------------

--
-- Table structure for table `province`
--

CREATE TABLE IF NOT EXISTS `province` (
  `PROVINCEID` int(11) NOT NULL,
  `PROVINCENAME` varchar(50) COLLATE utf8_unicode_ci DEFAULT NULL,
  `TYPE` varchar(50) COLLATE utf8_unicode_ci DEFAULT NULL,
  PRIMARY KEY (`PROVINCEID`)
) ENGINE=InnoDB DEFAULT CHARSET=utf8 COLLATE=utf8_unicode_ci;

--
-- Dumping data for table `province`
--

INSERT INTO `province` (`PROVINCEID`, `PROVINCENAME`, `TYPE`) VALUES
(1, 'Hà Nội', 'Thành Phố'),
(2, 'Hà Giang', 'Tỉnh'),
(4, 'Cao Bằng', 'Tỉnh'),
(6, 'Bắc Kạn', 'Tỉnh'),
(8, 'Tuyên Quang', 'Tỉnh'),
(10, 'Lào Cai', 'Tỉnh'),
(11, 'Điện Biên', 'Tỉnh'),
(12, 'Lai Châu', 'Tỉnh'),
(14, 'Sơn La', 'Tỉnh'),
(15, 'Yên Bái', 'Tỉnh'),
(17, 'Hòa Bình', 'Tỉnh'),
(19, 'Thái Nguyên', 'Tỉnh'),
(20, 'Lạng Sơn', 'Tỉnh'),
(22, 'Quảng Ninh', 'Tỉnh'),
(24, 'Bắc Giang', 'Tỉnh'),
(25, 'Phú Thọ', 'Tỉnh'),
(26, 'Vĩnh Phúc', 'Tỉnh'),
(27, 'Bắc Ninh', 'Tỉnh'),
(30, 'Hải Dương', 'Tỉnh'),
(31, 'Hải Phòng', 'Thành Phố'),
(33, 'Hưng Yên', 'Tỉnh'),
(34, 'Thái Bình', 'Tỉnh'),
(35, 'Hà Nam', 'Tỉnh'),
(36, 'Nam Định', 'Tỉnh'),
(37, 'Ninh Bình', 'Tỉnh'),
(38, 'Thanh Hóa', 'Tỉnh'),
(40, 'Nghệ An', 'Tỉnh'),
(42, 'Hà Tĩnh', 'Tỉnh'),
(44, 'Quảng Bình', 'Tỉnh'),
(45, 'Quảng Trị', 'Tỉnh'),
(46, 'Thừa Thiên Huế', 'Tỉnh'),
(48, 'Đà Nẵng', 'Thành Phố'),
(49, 'Quảng Nam', 'Tỉnh'),
(51, 'Quảng Ngãi', 'Tỉnh'),
(52, 'Bình Định', 'Tỉnh'),
(54, 'Phú Yên', 'Tỉnh'),
(56, 'Khánh Hòa', 'Tỉnh'),
(58, 'Ninh Thuận', 'Tỉnh'),
(60, 'Bình Thuận', 'Tỉnh'),
(62, 'Kon Tum', 'Tỉnh'),
(64, 'Gia Lai', 'Tỉnh'),
(66, 'Đắk Lắk', 'Tỉnh'),
(67, 'Đắk Nông', 'Tỉnh'),
(68, 'Lâm Đồng', 'Tỉnh'),
(70, 'Bình Phước', 'Tỉnh'),
(72, 'Tây Ninh', 'Tỉnh'),
(74, 'Bình Dương', 'Tỉnh'),
(75, 'Đồng Nai', 'Tỉnh'),
(77, 'Bà Rịa - Vũng Tàu', 'Tỉnh'),
(79, 'Hồ Chí Minh', 'Thành Phố'),
(80, 'Long An', 'Tỉnh'),
(82, 'Tiền Giang', 'Tỉnh'),
(83, 'Bến Tre', 'Tỉnh'),
(84, 'Trà Vinh', 'Tỉnh'),
(86, 'Vĩnh Long', 'Tỉnh'),
(87, 'Đồng Tháp', 'Tỉnh'),
(89, 'An Giang', 'Tỉnh'),
(91, 'Kiên Giang', 'Tỉnh'),
(92, 'Cần Thơ', 'Thành Phố'),
(93, 'Hậu Giang', 'Tỉnh'),
(94, 'Sóc Trăng', 'Tỉnh'),
(95, 'Bạc Liêu', 'Tỉnh'),
(96, 'Cà Mau', 'Tỉnh');

-- --------------------------------------------------------

--
-- Table structure for table `realty`
--

CREATE TABLE IF NOT EXISTS `realty` (
  `REALTYID` int(11) NOT NULL AUTO_INCREMENT,
  `ADDRESSID` int(11) DEFAULT NULL,
  `ACCOUNTID` int(11) DEFAULT NULL,
  `KIND` varchar(100) COLLATE utf8_unicode_ci DEFAULT NULL,
  `TYPE` varchar(100) COLLATE utf8_unicode_ci DEFAULT NULL,
  `TITLE` varchar(200) COLLATE utf8_unicode_ci DEFAULT NULL,
  `PRICE` int(11) DEFAULT NULL,
  `SIZE` varchar(50) COLLATE utf8_unicode_ci DEFAULT NULL,
  `DESCRIPTION` text COLLATE utf8_unicode_ci,
  `TAG` varchar(200) COLLATE utf8_unicode_ci DEFAULT NULL,
  `PUBLISHDATE` date DEFAULT NULL,
  `STATUS` varchar(50) COLLATE utf8_unicode_ci DEFAULT NULL,
  `CONTACTNAME` varchar(50) COLLATE utf8_unicode_ci DEFAULT NULL,
  `CONTACTTEL` varchar(20) COLLATE utf8_unicode_ci DEFAULT NULL,
  `CONTACTEMAIL` varchar(50) COLLATE utf8_unicode_ci DEFAULT NULL,
  `CONTACTADDRESS` text COLLATE utf8_unicode_ci,
  PRIMARY KEY (`REALTYID`),
  KEY `FK_REFERENCE_4` (`ADDRESSID`),
  KEY `FK_REFERENCE_6` (`ACCOUNTID`)
) ENGINE=InnoDB  DEFAULT CHARSET=utf8 COLLATE=utf8_unicode_ci AUTO_INCREMENT=75 ;

--
-- Dumping data for table `realty`
--

INSERT INTO `realty` (`REALTYID`, `ADDRESSID`, `ACCOUNTID`, `KIND`, `TYPE`, `TITLE`, `PRICE`, `SIZE`, `DESCRIPTION`, `TAG`, `PUBLISHDATE`, `STATUS`, `CONTACTNAME`, `CONTACTTEL`, `CONTACTEMAIL`, `CONTACTADDRESS`) VALUES
(53, 36, 3, 'Nhà trọ', 'Tìm người ở ghép', 'CHO THUÊ PHÒNG TRỌ GIÁ RẺ - 162 ĐIỆN BIÊN PHỦ, BÌNH THẠNH', 2, '15m²', '- Tòa nhà lịch sự, hiện đại, phù hợp với nhân viên văn phòng, hộ gia đình nhỏ, sinh viên...- Vị trí ngay trung tâm Quận Bình Thạnh, cách Mc Donald Điện Biên Phủ 200m. Cách ngã tư Hàng Xanh 300m.- Cách trung tâm Q. 1 - 3 phút đi xe, công viên Lê Văn Tám, khu văn phòng, bệnh viện... Gần trường ĐH Hutech, ĐH Hồng Bàng...<br><br>- Phòng cao cấp, lịch sự, thoáng mát, wc riêng, hệ thống bảo vệ an ninh 24/24.- Tiện nghi đầy đủ: Máy lạnh, giường, nệm, tủ lạnh, tủ quần áo.- Có phục vụ cafe ở tầng trệt.<br>- Có nhiều loại phòng để các bạn lựa chọn.Phòng 12m2: 2tr/tháng ở 2-3 người.Phòng 15m2: 2,2tr/tháng ở 2-3 người.Phòng 25m2: 3,2tr/tháng ở 3-4 người.Phòng 30m2: 3,6tr/tháng ở 3-4 người.Phòng 40m2: 4,5tr/tháng ở 4-6 người.<br>- Địa chỉ: 162 - Điện Biên Phủ, P. 17, Q. Bình Thạnh.Phòng trống vào ở ngay!Đặc biệt: Giảm giá trực tiếp nếu ký hợp đồng dài hạn!Có ưu đãi cho sinh viên vào dịp nghỉ Tết.Hãy gọi ngay để được hưởng những ưu đãi tốt nhất!', 'tag', '2015-01-04', 'Available', 'Cao Đăng Huy', '0947884246', 'onehome.vn@gmail.com', 'Hồ Chí Minh'),
(54, 37, 3, 'Nhà trọ', 'Nhà trọ cho thuê', 'PHÒNG ĐẸP ĐƯỜNG BÌNH LỢI, BÌNH THẠNH, CAMERA CHỐNG TRỘM 2.2 TRIỆU/THÁNG', 2200000, '28m²', 'Hiện mình đang còn 1 phòng trong nhà thự: <br>\r\n2.2 triệu/tháng: 28m2 <br>\r\nPhòng có cửa sổ, rất thoáng <br>\r\nNằm trong nhà biệt thự, có hòn non bộ, cây cối xanh tươi, sân thoáng mát. <br>\r\nSân thượng rộng lớn <br>\r\nGiờ giấc tự do, có chìa khóa riêng <br>\r\nĐậu xe trong nhà miễn phí, <br>\r\nCó lắp đặt hệ thống camera, máy chống trộm đảm bảo an toàn <br>\r\nCho nấu ăn thoải mái <br>\r\nNhà nằm trong khu dân cư lịch sự, yên tĩnh, an ninh <br>\r\nGần bờ sông, nhiều cây cối có thể đi bộ tập thể dục, thư giãn sau 1 ngày học tập làm việc căng thẳng <br>\r\nTruyền hình cáp, wifi cáp quang <br>\r\nĐiện: 3.000/kw <br>\r\nNước: 60.000/người <br>\r\nĐịa chỉ: 349/7 Bình Lợi, P.13, Q.Bình Thạnh <br>\r\n0902. 916 962 - anh Bình, chủ nhà (miễn trung gian) <br>\r\n(Môi trường rất thân thiện. Ưu tiên sinh viên,vợ chồng trẻ, nhân viên văn phòng…. Mong tiếp các bạn thiện chí)<br>', 'tag', '2015-01-04', 'active', 'anh Bình', '0912079209', 'khaiminh@gmail.com', '349/7 Bình Lợi, P.13, Bình Thạnh'),
(55, 38, 3, 'Nhà trọ', 'Nhà trọ cho thuê', 'PHÒNG ĐẸP MỚI XÂY NGAY TRƯỜNG ĐH NGOẠI THƯƠNG, AN NINH, BẢO VỆ 24/24', 3000000, '30m²', 'Phòng đẹp mới xây gần trường Đại Học Ngoại Thương, Giao thông vận tải, Đại Học Hutech.<br><br>\r\n\r\nĐịa chỉ: 81-83 D5, Phường 25, Quận Bình Thạnh, HCM.\r\nPhòng đẹp, phòng gác lửng, toilet áp gạch men cao cấp, có kệ bếp nấu ăn, bồn rửa chén inox. Có wifi cáp quang, miễn phí cáp ti vi và phí vệ sinh.\r\n<br><br>\r\nTòa nhà mới phòng nào cũng có cửa sổ thoáng mát.\r\nCó bảo vệ giữ xe 24/24. Giá xe tay ga \r\ncòn 1 phòng rộng 30m2, có gác lửng giá 3 tr/phòng/tháng.\r\nDiện tích từ 16m2 đến 25m2.\r\n<br><br>\r\nLiên hệ: 0963147099 Cô Lan.\r\nCảm ơn bạn đã xem tin.', 'tag', '2015-01-04', 'active', 'Cô Lan', '0963147099', 'quyle.vq@gmail.com', ''),
(56, 40, 3, 'Nhà trọ', 'Nhà trọ cho thuê', 'PHÒNG CAO CẤP CHO NỮ THUÊ, NGÃ 5 BÌNH HÒA, BÌNH THẠNH, GIÁ 2,5 TRIỆU/THÁNG - LH: 0912. 079 209', 2500000, '26m²', 'Hiện mình còn trống 1 phòng giá 2,5 triệu/tháng.<br><br>\r\n\r\nNằm trong nhà mới xây, cao cấp.<br><br>\r\n\r\nDiện tích 26 m2.<br><br>\r\n\r\nWC riêng biệt, cao cấp, máy nước nóng.<br><br>\r\n\r\nTrang bị hệ thống máy lạnh mới.<br><br>\r\n\r\nNhà nằm trong khu an ninh,<br><br>\r\n\r\nChỗ đậu xe trong nhà miễn phí, có người giữ.<br><br>\r\n\r\nNgay ngã năm Bình Hòa, cạnh Đại Học Văn Lang.<br><br>\r\n\r\nLưu ý: Nhà này dưới đất là hai vợ chồng anh công an Phường, cho thuê trên lầu nên rất an ninh.\r\n<br><br>\r\nMôi trường tri thức. Chỉ nhận SV ngoan hiền, vợ chồng trẻ, nhân viên văn phòng.\r\n<br><br>\r\nMong tiếp các bạn thiện chí.<br><br>\r\n\r\nĐịa chỉ: 99/1 Nơ Trang Long, P. 11, Q. Bình Thạnh.<br><br>\r\n\r\n0912.079 209 anh Bình.<br><br>', 'tag', '2015-01-04', 'active', 'Trần Hòa Bình', '0912079209', 'binh.th@gmail.com', '99/1 Nơ Trang Long, P.11, Q.Bình Thạnh'),
(57, 41, 3, 'Nhà trọ', 'Nhà trọ cho thuê', 'CHO THUÊ PHÒNG NGAY ĐẠI HỌC HUTECH, HỒNG BÀNG, TRẠM XE BUS, CẦU ĐIỆN BIÊN PHỦ, VÒNG XOAY', 1100000, '10m²', 'Cho thuê phòng ngay cầu Điện Biên Phủ, trung tâm đi các quận, gần cầu Điện Biên Phủ, ĐH Hutech, Hồng Bàng. Có các phương tiện giao thông thuận lợi. Phòng sạch sẽ, ngay mặt tiền, nơi ở an ninh, sạch sẽ. Có gác, ban công thoáng mát. Bảo vệ 24/24. <br>\r\nđịa chỉ: 43c, điện biên phủ, phường 25, quận bình thạnh. <br>\r\nGiá cho thuê từ: 1.1 - 3.7 triệu đồng/tháng. <br>\r\nDiện tích: 10 - 32m2. <br>\r\nLiên hệ: 0913.113.234-0986.873.583 gặp A. Hiền.<br>', 'tag', '2015-01-04', 'active', 'Hoang Phi Hien', '0913113234', '', ''),
(58, 48, 3, 'Nhà trọ', 'Nhà trọ cho thuê', 'CHO THUÊ PHÒNG TRỌ 995 NGUYỄN KIỆM (SỐ CŨ 83/1B), PHƯỜNG 3, GÒ VẤP, GIỜ GIẤC TỰ DO, LH: 01677055663', 1800000, '25m²', 'Cho thuê phòng trọ 995 Nguyễn Kiệm (số cũ 83/1B), Phường 3, Gò Vấp.<br>\r\nHiện tại dãy phòng trọ của tôi đang trống mấy phòng, DT từ 12m2-18m2, phòng đẹp, có gác, vệ sinh riêng, nấu ăn thoải mái, giờ giấc tự do.<br>\r\nNhà nằm trong khu không ngập nước, cách ngã 5 Chuồng Chó, Big C 200m<br>\r\nGiá thuê: 1.8 triệu- 2.5 triệu <br>\r\nXem nhà liên hệ trước : 01677055663<br>', 'tag', '2015-01-04', 'active', 'Anh Thắng', '01677055663', '', '995 Nguyễn Kiệm, Gò Vấp, Hồ Chí Minh'),
(59, 49, 3, 'Nhà trọ', 'Nhà trọ cho thuê', 'CHO THUÊ PHÒNG TRỌ ĐẸP 89 BÀU CÁT 1, PHƯỜNG 14, QUẬN TÂN BÌNH. CHỊ HÀ 0902860898', 2500000, '25m²', 'Cho thuê phòng trọ cực đẹp giá rẻ, có máy tắm nóng lạnh năng lượng mặt trời, có ban công cửa sổ thoáng mát, ngay Trung tân quận Tân Bình, gần sân bay Tân Sơn Nhất 10 phút chạy xe, gần chợ, gần các siêu thị lớn Coopmar, BigC, Maximax, giao thông thuận tiện. <br>\r\nCòn 1 Phòng rộng 25m2, giá 3 triệu/tháng,phòng 20m2 giá 2,5 triệu/tháng. <br>\r\nPhòng sạch sẽ, có cửa sổ và ban công thoáng mát, có chỗ để xe miễn phí trong nhà, lối đi riêng không chung chủ, được nấu ăn, điện nước tính theo giá nhà nước. <br>\r\nĐịa chỉ 1: 89 Bàu Cát 1, phường 14, quận Tân Bình (hiện còn 1 phòng giá 2,5 triệu/tháng). <br>\r\nĐịa chỉ 2: E 10 Xuân Hồng, p 12, Q. Tân Bình, còn 01 Phòng giá 3 triệu. <br>\r\nAi có nhu cầu liên hệ chị Hà 0902 860 898 để xem phòng.<br>', 'tag', '2015-01-04', 'active', 'Lai Thi Thu Ha', '0902860898', 'halaithaonguyen87@gmail.com', ''),
(60, 50, 3, 'Nhà trọ', 'Nhà trọ cho thuê', 'PHÒNG ĐẸP CHO THUÊ QUẬN 7 (GẦN QUẬN 1) GIÁ 3TR9.TỰ DO,AN NINH,TIỆN NGHI NHƯ NHÀ CỦA BẠN', 3900000, '25m²', 'Phòng đẹp cho thuê quận 7 (Gần quận 1) giá 3tr9.tự do,an ninh,tiện nghi như nhà của bạn.<br>\r\n+Ưu điểm ngôi nhà.<br>\r\n- Không ở chung chủ.<br>\r\n- Được tự do nấu ăn, chỗ để xe rộng rãi, sân phơi khô thoáng.<br>\r\n- Không còn bị làm phiền.<br>\r\n- Không còn lo lắng về an ninh.<br>\r\n- Bạn bè được thoải mái đến chơi.<br>\r\n- Môi trường sống văn minh, lịch sự, tôn trọng lẫn nhau.<br>\r\n- Sân thượng rộng rãi có bộ salon cho bạn ngồi uống cafe, rất tuyệt vời cho bạn ngắm cảnh thư giãn vào mỗi buổi tối sau một ngày làm việc căng thẳng mệt mỏi.<br>\r\n+Địa chỉ.<br>\r\n50 Nguyễn Văn Linh, phường Tân Thuận Tây, quận 7.<br>\r\nTiện nghi có sẵn:<br>\r\n- Máy lạnh cho bạn mát mẻ khi mùa hè.<br>\r\n- Máy nước nóng cho bạn ấm áp vào mùa mưa.<br>\r\n- Tủ áo quần cho bạn thoải mái để đồ.<br>\r\n- Tivi cho bạn những phút giây thư giãn.<br>\r\n- Giường nệm cho bạn giấc ngủ ngon.<br>\r\n- Bàn ghế đối diện cửa sổ cho bạn 1 góc nghỉ ngơi tuyệt vời.<br>\r\n- Căn phòng của bạn rộng 25m2 với không gian thoáng mát.<br>\r\n- WC riêng trong phòng cho bạn cảm giác sạch sẽ, kín đáo.<br>\r\n- Nhà có bảo vệ an toàn chắc chắn cho bạn cảm giác an tâm khi về đến nhà.<br>\r\nGiao thông thuận lợi:<br>\r\n- Chỉ 5 phút đi Quận 1.<br>\r\n- Gần cầu Phú Mỹ, khu chế xuất Tân Thuận.<br>\r\n- Nằm ngay ngã 4 Nguyễn Văn Linh + Huỳnh Tấn Phát.<br>\r\n- Gần các trường đại học (Tôn Đức Thắng, Luật, RMIT, Marketing, Nguyễn Tất Thành... ).<br>\r\n- Gần siêu thị, gần chợ.<br>\r\n+ Phòng mới setup nên giá ưu đãi: Chỉ 4.1TR/tháng.<br>\r\n- Điện 3,5k. Nước 100k/ 1 người theo giá chung của thị trường.<br>\r\n- Số người ở 2 - 3 người (ưu tiên những người ở lịch sự).<br>\r\nĐặt cọc 1.5 tháng để đảm bảo tốt nhất quyền lợi tốt nhất trên hợp đồng của bạn. Khi Bạn kết thúc hợp đồng sẽ được hoàn trả đầy đủ.<br>\r\nHãy liên hệ: 0934901613 (A. Hùng) để xem phòng.<br>', 'tag', '2015-01-04', 'active', 'LÊ HÙNG', '01685042079', 'lehungyen1993@gmail.com', '50 Đường Nguyễn Văn Linh, Quận 7, Hồ Chí Minh'),
(61, 51, 3, 'Nhà trọ', 'Nhà trọ cho thuê', 'PHÒNG CHO THUÊ ĐƯỜNG ĐIỆN BIÊN PHỦ, NGAY HÀNG XANH, 3.2TR/THÁNG, BAO ĐIỆN, NƯỚC, NET', 3200000, '20m²', 'Phòng cho thuê ngay Hàng Xanh: 3.2 tr/tháng (đã bao gồm tất cả chi phí điện, nước, internet... ).<br>\r\nNhà số 447/55 Điện Biên Phủ, P.25, Q. Bình Thạnh.<br>\r\nDiện tích phòng: 20m2, phòng nằm ngay trường Đại Hoc Kỹ Thuật Công Nghệ, đường Điện Biên Phủ (Hàng Xanh), khu vực an ninh, yên tĩnh.<br>\r\n\r\nPhòng rộng, thoáng, có khu vực để xe riêng, bếp riêng, toilet riêng biệt. Chỉ còn 01 phòng duy nhất.<br>\r\n\r\nLiên hệ: 0907.888.918 A Thức.<br>', 'tag', '2015-01-04', 'active', 'Nguyễn Thức', '0907888918', 'vnkienthuc@gmail.com', ''),
(62, 52, 3, 'Nhà trọ', 'Nhà trọ cho thuê', 'CHO THUÊ PHÒNG TUYỆT ĐẸP ĐƯỜNG D2, NGUYỄN HỮU CẢNH, XÔ VIẾT NGHỆ TĨNH GIẢM GIÁ MẠNH', 2500000, '40m²', 'Phòng nằm trong căn nhà 4 tầng.<br>\r\n- Diện tích: 20m2 - 40m2.<br>\r\nCó các nội thất: máy lạnh, giường, nệm Kymdan, tủ gỗ cao cấp, bàn trang điểm, máy nóng lạnh, bàn làm việc, tivi, cửa sổ thoáng mát, ban công giờ giấc tự do, để xe trong nhà, sát cổng sau ĐH Hutech, Ngoại Thương, Giao Thông Vận Tải. 5 phút ra quận 1, Thủ Đức. Phòng đẹp hơn khách sạn, chỉ vào ở.<br>\r\nĐiện 3000đ/kw, nước giá nhà nước. Wifi 100 nghìn/phòng/tháng<br>\r\nGiá: 2.5tr - 3tr<br>\r\nTel: 0908094289/ 0919556705.', 'tag', '2015-01-04', 'active', 'Tran Duy', '0908094289', 'trangia13579@gmail.com', 'thanh pho ho chi minh'),
(63, 53, 3, 'Căn hộ', 'Căn hộ cho thuê', 'HOT- HOT- HOT! CHO THUÊ CHUNG CƯ THE PRIDE - CĂN HỘ NỘI THẤT ĐẸP, NHIỀU ƯU ĐÃI CỰC SHOCK', 0, '74,1m2 - 80,65m2 - 88,06m2 - 97,55m2 - 101,9m2 -14', 'I/ Tên dự án: Tổ hợp thương mại dịch vụ và căn hộ cao cấp The Pride<br><br>\r\n\r\nGiá Thuê rẻ nhất thị trường: 4,5 Triệu – 9 Triệu. Phù hợp cho gia đình hiện đại<br><br>\r\n\r\nDiện tích căn hộ: 74,1m2 - 80,65m2 - 88,06m2 - 97,55m2 - 101,9m2 -145m2 <br><br>\r\n\r\nII/ Vị trí: Dự án thuộc khu đô thị mới An Hưng, đường Lê Văn Lương kéo dài, Hà Đông, Hà Nội. <br>\r\nDự án The Pride do Công ty Cổ phần Đầu tư Hải Phát làm chủ đầu tư, có quy mô như một thành phố thu nhỏ với tổ hợp đa chức năng, được xây dựng trên diện tích tổng thể khuôn viên rộng hơn 3 ha. Chung cư The Pride có vị trí thuận tiện, căn hộ được thiết kề đẹp và hiện đại, cảnh quan không gian thoáng đãng. Đặc biệt The Pride được quản lý bởi đơn vị Quản lý tòa nhà chuyên nghiệp PMC.<br><br>\r\n\r\nThe Pride có 6 tầng trung tâm thương mại với tổng diện tích hơn 30.000m2. <br>\r\n•Tầng 1, 2 được bố trí làm trung tâm thương mại, khu vui chơi giải trí và các khu phụ trợ.<br>\r\n•Tầng 3, 4 là nơi để xe diện tích sử dụng trên 3 ha. Đảm bảo đủ chỗ để xe cho dân cư tòa nhà và khách ra vào.<br>\r\n•Tầng 5: Phòng tập Gym, Spa, Bể bơi trên không rộng 744m2, khu sinh hoạt chung cho cư dân...<br>\r\n•Tầng 6 là dịch vụ nhà ở, văn phòng cho thuê.<br>\r\n•Tầng 7 trở lên là các căn hộ chung cư cao cấp.<br><br>\r\n\r\nCác căn hộ chung cư The Pride cho thuê đều được trang bị đầy đủ thiết bị nội thất như: sàn gỗ, trần thạch cao, tủ bếp, tủ tường, điều hòa, nóng lạnh, thiết bị vệ sinh…\r\n<br><br>\r\nƯu đãi: <br>\r\n- Miễn phí 100% phí dịch vụ môi giới cho khách thuê.<br>\r\n- Miễn phí dịch vụ trong vòng 03 năm<br>\r\n<br>\r\nIV/ LIÊN HỆ:<br>\r\nMọi thông tin chi tiết xin liên hệ trực tiếp:<br>\r\nSàn giao dịch BĐS Hải Phát<br>\r\nHOTLINE: 0966. 546. 161<br>\r\nWebsite: www.haiphatland.com.vn Địa chỉ: Số 169 tầng 3 tòa nhà Đa Năng, Nguyễn Ngọc Vũ, Cầu Giấy, Hà Nội.', 'tag', '2015-01-04', 'active', 'Công ty cổ phần đầu tư Hải Phát – Sàn giao dịch BĐ', '0966546161', 'sangd.bdshn@gmail.com', 'tầng 3 tòa nhà đa năng, 169 Nguyễn Ngọc Vũ- Cầu Giấy-Hà Nội.'),
(64, 54, 3, 'Căn hộ', 'Căn hộ cho thuê', 'CHO THUÊ CĂN HỘ ROYAL CITY 2 PN TẦNG TRUNG WIEW QUẢNG TRƯỜNG RẤT ĐẸP', 14000000, '105m²', 'Hiện nay gia đình tôi đang cần cho thuê gấp căn hộ thuộc tòa R05 dự án Royal City tòa R2 – 72 Nguyễn Trãi – Thanh Xuân – Hà Nội.<br><br>\r\n\r\n- Diện tích: 105m2, tầng trung, view nhìn quảng trường cực đẹp.<br>\r\n- Thiết kế căn hộ gồm 2 phòng ngủ, 2 WC, phòng khách + Phòng ăn, và ban công thoáng view quảng trường. Nội thất nguyên bản theo tiêu chuẩn của Vingroup. Trong nhà đã lắp toàn bộ hệ thống rèm cửa, khách vào chỉ việc ở.<br>\r\n- Giá thuê: 14 triệu/tháng.<br>\r\nMọi thông tin xin vui lòng liên hệ: 0902.11.66.00. Trung gian vui lòng không làm phiền.<br>', 'tag', '2015-01-04', 'active', 'Le Xuan Bach', '0902116600', 'lebach.trongtin@gmail.com', 'Ha Noi'),
(65, 55, 3, 'Căn hộ', 'Căn hộ cho thuê', 'CHO THUÊ CHUNG CƯ TIMES CITY, GIÁ 6TR/THÁNG, HĐ CHÍNH CHỦ, MIỄN PHÍ TƯ VẤN, XEM NHÀ', 9000000, '75m²', 'Cho thuê chung cư Times City từ 6tr/tháng đồ cơ bản đến 15tr/tháng nội thất cao cấp.<br>\r\n- Hợp đồng trực tiếp chính chủ.<br>\r\n- Miễn phí 100% phí cho khách đi thuê.<br>\r\n- Miễn phí dịch vụ quản lý 10 năm.<br>\r\nTimes City Call Center: 091734.2725 - 0979229966.<br>\r\nThông tin các căn hộ đang cho thuê tại Times City.<br>\r\n- Căn hộ 53m2 - 1.5 phòng ngủ - 6- 7 triệu/tháng - đủ đồ 10 triệu/tháng.<br>\r\n- Căn 75 m2 - 2 phòng ngủ - 9tr - 10 triệu/tháng - đủ đồ 12 triệu/tháng.<br>\r\n- Căn 90.1 m2, 94,4 m2, 95m2 - 2 PN - 10 - 11triệu/tháng - đủ đồ 12-13 triệu/tháng.<br>\r\n- Căn 86.9 m2 và 87,2m2, 94.3m2 - 2PN thiết kế đều có ánh sáng - 10 - 11 triệu/tháng - đủ đồ 12 - 13 triệu/tháng.<br>\r\n- Căn 97.5 m2 căn góc - 2PN - 11 triệu/tháng - đủ đồ 13 triệu/tháng.<br>\r\n- Căn 108.6 m2 - 2 PN - 11 triệu/tháng - đủ đồ 13 triệu/tháng.<br>\r\n- Căn 110m2 - 3PN đều sáng căn góc - 13 triệu/tháng - đủ đồ giá 15-17 triệu/tháng.<br>\r\nCác căn hộ nguyên bản chủ đầu tư nội thất sẵn có bao gồm: Sàn gỗ, Điều hòa các phòng, Hệ thống tủ bếp. Bếp điện từ hồng ngoại, máy hút mùi, Tắm nóng lạnh.<br>\r\nCác căn hộ sắm đủ đồ ngoài nội thất sẵn có thì chủ nhà sẽ sắm thêm các nội thất sau: Tivi, tủ lạnh, máy giặt, bàn ăn, sofa, giường đệm, rèm... Và một số đồ gia dụng. Hoặc tùy vào nhu cầu của khách thuê.<br>\r\nKhi thuê căn hộ ở chung cư Times City khách hàng được sử dụng miễn phí các dịch vụ tiện ích sau:<br>\r\nBể bơi bốn mùa trong nhà, Sân bóng, sân tenis, sân cầu lông, Sân bóng rổ, khu vui chơi của trẻ em, và đặc biệt miễn phí phí dịch vụ quản lý tòa nhà trong 10 năm.<br>\r\nKhách hàng có thể thuê làm văn phòng hay nhà ở. Hỗ trợ cho Khách nước ngoài thuê. Dịch vụ nhanh, thuận tiện. Miễn phí 100% phí cho khách đi thuê.<br>\r\nLiên hệ:<br>\r\nVinhomes Times City.<br>\r\nTel: 0979229966 - 091734.2725.<br>\r\n458 Minh Khai - Hai Bà Trưng - Hà Nội.<br>\r\nHiện tại, các tòa T1, T2,3,4,5,6,7,10.18 đã bàn giao nhà và có thể ở ngay.<br>\r\nChúng tôi có danh sách rất nhiều căn hộ cho thuê để khách hàng có thể lựa chọn được tốt nhất. Để được tư vấn cụ thể về tầng, căn, vị trí và giá cả, dẫn đi xem của từng căn hộ cần thuê.<br>\r\n<br>\r\nBán căn hộ Times Dity, giá hấp dẫn từ 1,8 tỷ 1 căn hộ.<br>\r\nChủ đầu tư mở bán căn hộ Vinhomes Times City – Minh Khai từ tòa T1 đến tòa T18.<br>\r\nDiện tích: 75m2, 86m2, 87m2, 90m2, 94m2, 95m2, 108m2, 110m2, 116 m2. (đặc biệt mở bán diện tích nhỏ 53m2 với giá từ 1,8 - 1,9 tỷ).<br>\r\nGiá bán từ 28tr đến 33tr/m2 (chưa bao gồm VAT và phí bảo trì).<br>\r\nĐặc biết:<br>\r\n*** Hỗ trợ vay vốn ngân hàng Teckcombank đến 70%. Vay tối thiểu 3 năm và tối đa 20 năm.<br>\r\n- Lãi suất năm đầu thấp nhất 3,5% đến 7,5%.<br>\r\n- Năm thứ 2: Lãi suất tham chiếu của ngân hàng + biên độ)%.<br>\r\n- Năm thứ 3 theo lãi suất thị trường.<br>\r\nHãy liên hệ ngay với chúng tôi để được chọn căn chọn tầng.<br>\r\nVà lên xem căn hộ thực tế.<br>\r\nCall Center: 0979229966 - 091734.2725.\r\nAdd: 458 Minh Khai, Hai Bà Trưng, Hà Nội.', 'tag', '2015-01-04', 'active', 'Vinhomes Times City', '0917342725', '', '458 Minh Khai, Q Hai Bà Trưng, HN'),
(66, 56, 3, 'Căn hộ', 'Căn hộ cần bán', 'CHUNG CƯ PCC1 COMPLEX - GIÁ TỪ 600TR - VAY VỐN 30.000 TỶ', 0, '', 'Mở bán Chung cư Nhà ở Xây lắp điện 1 Hà Đông (PCC1 Complex)- Hà Đông. <br>\r\n- Chúng tôi Cam kết: <br>\r\n1- Bán giá gốc trực tiếp đến tận tay khách hàng. <br>\r\n2- Hợp đồng mua bán ký trực tiếp với Chủ Đầu Tư. <br>\r\n3- Không thu thêm bất cứ chi phí nào. <br>\r\n4- Hỗ trợ nhiệt tình khách hàng đến tận khi nhận nhà. <br>\r\nLiên Hệ: Trưởng Phòng KD: Ms Linh: 0983 504 718. <br>\r\n\r\nA. Tổng quan: <br>\r\nChung cư PCC1 CompLex Hà Đông được thiết kế với ý tưởng tạo ra một không gian sống thoải mái, với đầy đủ tiện ích trong tòa nhà để phục vụ cư dân: <br>\r\n- Được thiết kế gồm 02 tháp, tháp A & tháp B. Mỗi tháp được bố trí hai khối nhà ở có chung khối đế. Tháp A khối đế gồm 02 tầng & tháp B khối đế 01 tầng. <br>\r\n- Mỗi tòa cao 15 tầng, có 1 tầng hầm, tổng có 540 căn. <br>\r\n- Tổng vốn đầu tư: 450 tỷ. <br>\r\n- Chủ đầu tư: Công Ty Cổ Phần Xây Lắp Điện 1 (PCC1). <br>\r\n- Đơn vị thi công: Công ty CP XD Phục Hưng Holdings. <br>\r\n- Đơn vị tư vấn quản lý dự án: Công ty XD Việt Nam. <br>\r\n- Hình thức sở hữu: Sổ đỏ vĩnh viễn. <br>\r\n- Hiện dự án xây đến tầng 12 trên tổng 15 tầng và đưa vào sử dụng: Quý III/2015. <br>\r\n<br>\r\nB. Vị trí: <br>\r\n<br>\r\n- Chung cư Pcc1 Complex tọa lạc trên mặt đường QL 21 đường Ba La, hướng đi Chùa Hương. <br>\r\n- Phía Tây Bắc nhìn về đường Quang Trung. <br>\r\n- Phía Tây Nam giáp đường Quốc Lộ 21 (mặt đường Ba La). <br>\r\n- Phía Đông Nam nhìn về hướng Chùa Hương và về đại học Đại Nam. <br>\r\n- Phía Đông Bắc nhìn về thành phố đường Lê Trọng Tấn kéo dài nhìn về nhiều khu đô thị như Văn Phú Victoria. \r\n<br><br>\r\nC. Tiện ích: <br>\r\n<br><br>\r\n- Kết nối thiên nhiên, chốn bình yên kết nối cộng đồng: <br>\r\nCác tiện ích nổi bật gồm: Siêu thị, nhà hàng, Spa, nhà trẻ được thiết kế hợp lý giữa các tòa nhà tạo nên sự thuận tiện khi sử dụng, phục vụ tốt nhất những nhu cầu của cư dân. <br>\r\n- Bên cạnh đó, việc nằm trong quy hoạch đồng bộ được hưởng lợi từ môi trường công cộng xung quanh với công viên cây xanh…. <br><br>\r\n\r\nD. Thiết kế: <br>\r\n<br>\r\nVới phong cách thiết kế hiện đại, các loại diện tích phù hợp với nhu cầu của khách hàng: <br>\r\nCó 4 loại căn hộ: <br>\r\n- Căn A1: Diện tích tim tường 49,19m2, thông thủy là 44,6m2. Thiết kế với 2 pn, 1 wc, 1 bếp, 1 khách, 1 logia. <br>\r\n- Căn B1: Diện tích tim tường 54,29m2, thông thủy 50,2m2. Thiết kế với 2 pn, 1 wc, 1 bếp, 1 khách, 1 logia. <br>\r\n- Căn B2: Diện tích tim tường 60,79m2, thông thủy 56,2m2. Thiết kế với 2 pn, 2 wc, 1 bếp, 1 khách, 2 logia. <br>\r\n- Căn C1: Căn góc, diện tích tim tường 67,02m2, thông thủy 61,5m2. Thiết kế với 2pn, 2wc, 1 bếp, 1 khách, 1 logia. <br><br>\r\n\r\nTiến độ thanh toán linh hoạt: Theo tiến độ thi công chia làm 5 đợt". <br>\r\nĐợt 1: Thanh toán 25% giá trị hợp đồng, ngay khi ký HĐMB. <br>\r\nĐợt 2: Thanh toán 15% giá trị hợp đồng, Trước ngày 15/04/2015. <br>\r\nĐợt 3: Thanh toán 15% giá trị hợp đồng, Trước ngày 30/06/2015. <br>\r\nĐợt 4: Thanh toán 15% giá trị Hợp đồng, Trước ngày 30/09/2015. <br>\r\nĐợt 5: Thanh toán 30% khi nhận nhà. <br><br>\r\n\r\nHỗ trợ vay vốn ngân hàng gói 30.000 tỷ lên tới 70% giá trị căn hộ với lãi suất 5%/năm trong 10 năm. <br><br>\r\n\r\nGiá gốc chủ đầu tư: Chỉ từ 600 triệu/căn-800 triệu/căn. <br><br>\r\n\r\nMọi thông tin chi tiết quý khách vui lòng liên hệ <br><br>\r\n\r\nĐại Diện Chủ Đầu Tư <br><br>\r\n\r\nHotline1: 0978.79.33.66 <br>\r\n\r\nHotline2: 0904.556.551<br>', 'tag', '2015-01-04', 'active', 'Đại Diện Chủ Đầu Tư', '0978793366', 'vinhmaiviet@gmail.com', 'Nguyễn Trãi, Thanh Xuân Nam, Thanh Xuân, Hà Nội, Việt Nam'),
(67, 57, 3, 'Căn hộ', 'Căn hộ cần bán', 'THE PRIDE -CHỈ 30 CĂN DUY NHẤT GIÁ GỐC CĐT- VÀO Ở NGAY CHỈ VỚI 900TR- FULL NỘI THẤT - GÓI KM 220TR', 1600000000, '74m²', 'Sàn BĐS Hải Phát – Sàn trực tiếp của chủ đầu tư mở bán duy nhất 30 căn hộ The Pride đợt cuối giá gốc trực tiếp từ chủ đầu tư Hải Phát – mặt Lê Văn Lương kéo dài, chỉ 5 phút lái xe đến BigC. <br>\r\nChỉ với 900 triệu nhận bàn giao nhà ở ngay, số tiền gốc còn lại ưu đãi lãi suất 0% trong 12 tháng <br>\r\nĐặc biệt nhận ngay gói khuyến mại nội thất cực khủng lên đến 220 triệu khi thanh toán 100% giá trị căn hộ, bao gồm: <br>\r\n- Tặng gói nội thất trị giá 120 triệu. <br>\r\n- Miễn phí 3 năm phí dịch vụ toà nhà. <br>\r\n- Miễn phí 03 năm phí sử dụng bể bơi nước nóng 4 mùa. <br>\r\n- Miễn phí 03 năm phí sử dụng phòng tập GYM. <br>\r\n• Các loại diện tích: <br>\r\n+ Loại 2 Phòng ngủ: 74m2 – 80m2 – 88m2. <br>\r\n+ Loại 3 Phòng ngủ: 97m2 - 101m2 - 145m2. <br>\r\nHiện vẫn còn các tầng đẹp: 8-10-15, 20, 24, 30. <br>\r\n• Giá bán bao gồm VAT, bảo trì và nội thất cao cấp: Sàn gỗ, trần thạch cao, các thiết bị vệ sinh, tủ bếp trên – dưới, bếp điện, hệ thống hút mùi, hệ thống chuông cửa hình ảnh…. <br>\r\n• Cơ sở hạ tầng: Sân chơi rộng cho tổ hợp 4 tòa cao tầng: Trong đó có 3 tòa 35 tầng – The Pride (CT1, CT2, CT4) và 1 tòa 45 tầng – Hp Landmark Tower (CT3) cao nhất Hà Đông. Có 1 tầng hầm thông suốt, 1 bể bơi bốn mùa 800m2, nhà trẻ, gần trường, bệnh viện, gần tuyến đường sắt trên cao…Vị trí đắc địa phía Tây Hà Nội. <br>\r\n* Pháp lý: Ký HĐ trực tiếp với chủ đầu tư. <br>\r\n<br>\r\n“The Pride – Niềm tự hào của bạn! “. \r\n<br><br>\r\nHotline: 0963 179 333. \r\n<br><br>\r\nAnh Đức <br>\r\nChuyên viên dự án <br>\r\nSàn Giao Dịch Bất Động Sản Hải Phát <br>\r\nAdd: Tầng 3 - 169 Nguyễn Ngọc Vũ, Cầu Giấy, Hà Nội. <br>\r\nHttp://ct3hplandmarktower.blogspot.com/<br>', 'tag', '2015-01-04', 'active', 'Anh Đức', '0963179333', '', 'anhduclam1188@gmail.com'),
(68, 58, 3, 'Văn phòng/Mặt bằng', 'Văn phòng cho thuê', 'VĂN PHÒNG CHO THUÊ TẠI CAO ỐC SÀI GÒN 3 QUẬN 1 TP.HCM', 400000, '400m²', 'VP CHO THUÊ CAO ỐC SÀI GÒN 3 - QUẢN LÝ CHUYÊN NGHIỆP, PHỤC VỤ TẬN TÌNH<br>\r\n<br>\r\n- Địa chỉ:140 Nguyễn Văn Thủ, P.Đa Kao, Quận 1<br>\r\n- Nguồn điện dự phòng, bảo vệ 24/24. Đầy đủ hệ thống PCCC, camera quan sát, 2 thang máy Schinler<br>\r\n- Số tầng: Hầm + Trệt + 6 lầu<br>\r\n- Diện tích sàn: 400 m2<br>\r\n- Tổng diện tích: 3000 m2<br>\r\n- Diện tích cho thuê: từ 50 m2 <br>\r\n- Giá thuê: 385.000 VNĐ/m2 (ước tính 18 USD/m2)<br>\r\nĐã bao gồm phí dịch vụ và thuế GTGT<br>\r\nGiá hấp dẫn và nhiều ưu đãi.<br>\r\n- Phí gửi xe: 150,000 vnđ/xe máy/ tháng, 1,200,000 vnđ/ xe ôtô / tháng. Garage giữ xe rộng 700 m2<br>\r\n- Tiền điện: 3,000 vnđ/kw (chưa VAT)<br>\r\n- Thời hạn thuê: 1-3 năm<br>\r\n- Đặt cọc, thanh toán:3 tháng, thanh toán 1 tháng /1 lần<br><br>\r\n\r\nVui lòng LH với văn phòng BQL: (08)38235902 - (08)38297986; 0989.166772 gặp Thùy Trang.<br>', 'tag', '2015-01-04', 'active', 'Thùy Trang', '0989166772', 'trang1004@yahoo.com', 'Nguyễn Văn Thủ, P.Đa Kao, Quận 2, TPHCM'),
(69, 59, 3, 'Văn phòng/Mặt bằng', 'Mặt bằng cho thuê', 'CHO THUÊ NHÀ MẶT TIỀN HAI BÀ TRƯNG KẾ BÊN CHỢ TÂN ĐỊNH. KINH DOANH TỰ DO. LH: 0906.878.004', 40000000, '180m²', 'Cho thuê nhà mặt tiền Hai Bà Trưng kế bên Chợ Tân Định, q1. Có thể thuê nguyên căn đôi. DT: 9x20m 1 trệt 1 lửng, 1 lầu. Giá: 40 tr. Hoặc thuê 1/2 (nữa) căn: 20 tr. DT: 4.5x20m. \r\nNhà trống suốt cầu thang gần cuối nhà, cho kinh doanh tự do. \r\nVui lòng liên hệ : 0906.878.004 Mr Phut.', 'tag', '2015-01-04', 'active', 'Mr Phut', '0906878004', '', ''),
(70, 60, 3, 'Nhà đất', 'Nhà cho thuê', 'CHO THUÊ NHÀ PHỐ 3 LẦU, HẺM XE HƠI ĐƯỜNG CÔNG HÒA, TÂN BÌNH. LH TÙNG 0908386212', 32000000, '76m²', 'Cần cho thuê nhà phố hẻm xe hơi đường Cộng Hòa, quận Tân Bình, gần Maximark Cộng Hòa.<br>\r\nNhà 3 lầu. Diện tích sàn 76m2 - 5x15.2m.<br>\r\nGiá 32 triệu /tháng còn thương lượng.<br>\r\nThích hợp cá nhân, chuyên gia NN tổ chức công ty thuê mở văn phòng làm việc.<br>\r\nMọi chi tiết vui lòng liên hệ Mr Tùng 0908386212.<br>', 'tag', '2015-01-04', 'active', 'Lê Thanh Tùng', '0937808218', 'tung.le76@gmail.com', ''),
(71, 62, 3, 'Nhà đất', 'Nhà đất cần bán', 'BÁN NHÀ SỔ HỒNG (4MX15M) 1 TRỆT, 1 LẦU, GIÁ 1.1 TỶ. TẶNG NGAY NỘI THẤT CAO CẤP, LH 0938384959', 1100000000, '60m²', 'Bán nhà sổ hồng (chính chủ) hẻm 6m bê tông cuối đường Tân Kỳ Tân Quý 300m thiết kế đẹp.<br>\r\n- Khuyến mãi: Máy nước nóng năng lượng mặt trời hoặc 2 Máy Lạnh cao cấp hoặc tủ bếp trên, và nhiều quà tặng hấp dẫn.<br>\r\n- Thiết kế hiện đại: (4 x 15m) đúc kiên cố, 2pn, 2wc, sân thượng, sân trước sân sau, tất cả các phòng đều cáp và internet.<br>\r\n- Giá: 1.1 tỷ sổ hồng riêng bao sang tên.<br>\r\n- Khu dân trí cao an ninh yên tĩnh không ngập nước không ô nhiễm.<br>\r\n- Nhà gần: Trường cấp 1, 2, và 3, chợ, công viên, nhà văn hòa, nhiều tiện ích...<br>\r\n- Đặc biệt nhập hộ khẩu vào chính căn nhà bạn mua.<br>\r\n- Thiết bị (điện philip - vệ sinh INAZ - inox Sơn Hà).<br>\r\n- Sắt thép Việt - Nhật, Xi măng Hà Tiên, gạch xây tuynel - Gạch lát nền Bạch Mã.<br>\r\n- Nhà bảo hành 01 năm.<br>\r\n<br>\r\n- Cam kết chất lượng công trình, hậu mãi chu đáo.<br>\r\nLH: 0938 38 49 59 - 0968766775 Ms Thanh Hà (chính chủ).<br>', 'tag', '2015-01-04', 'active', 'Nguyễn Thị Hà', '0968766775', 'nguyenlamlp@yahoo.com', 'Tp HCM'),
(72, 63, 3, 'Nhà trọ', 'Tìm người ở ghép', 'Cần một bạn nam NVVP,SV ở ghép nhà dạng chung cư mini mới 100%', 1800000, '15m²', 'Nhà dạng chung cư mini mới xây 100%, có net cáp quang, có máy nóng năng lượng mặt trời, sân thượng hóng gió buổi tối, cần tìm một bạn nam (NVVP,SV) ở ghép, lý lịch tốt, tính tình hiền lành, trung thực, \r\nhòa đồng, vui vẽ, biết giữ gìn môi trường sống cộng đồng, khu phố an ninh ,sạch sẽ.\r\nGiá một người khoảng 1.1T/tháng. ĐC: 260/5 Nguyễn Văn Quá, phường Đông Hưng Thuận, Q12. hẻm 260 đối diện\r\n câu lạc bộ đá bóng Cây Sộp gần trường Trung cấp Đông Nam Á.', 'tag', '2015-01-04', 'active', 'Anh Phú', '0903 541 187 ', '', ''),
(73, 64, 3, 'Nhà trọ', 'Tìm người ở ghép', 'Cần bạn nữ ở ghép gấp', 1400000, '25m²', 'Mình là nữ. Mình đang cần tìm bạn nữ share phòng ở ghép gấp phòng mình thuê có toilet trong phòng, có ban công phơi đồ, có chỗ để xe, có quạt. không chung chủ, giờ giấc tự do đi lại. thuận tiện đi lại các quận. vì gần bến xe miền tây, bến xe buýt. gần chợ an ninh. phòng rộng. hiện nay chỉ cò một mình mình ở. giá phòng là 1.400k. nên mình tìm thêm bạn nữ nào có nhu cầu thì vào ở với mình share phòng. mình đang cần gấp...', 'tag', '2015-01-04', 'active', 'Mai', '01224 229 429', '', ''),
(74, 65, 3, 'Nhà trọ', 'Nhà trọ cho thuê', 'Nhà trọtest', 1231, 'Nhà trọtest', 'dafd', 'tag', '2015-01-05', 'active', '12313', '1231', 'a@gm.com', 'sfd');

-- --------------------------------------------------------

--
-- Table structure for table `role`
--

CREATE TABLE IF NOT EXISTS `role` (
  `ROLEID` int(11) NOT NULL AUTO_INCREMENT,
  `ROLENAME` varchar(50) COLLATE utf8_unicode_ci DEFAULT NULL,
  `ROLEDESCRIPTION` varchar(100) COLLATE utf8_unicode_ci DEFAULT NULL,
  PRIMARY KEY (`ROLEID`)
) ENGINE=InnoDB  DEFAULT CHARSET=utf8 COLLATE=utf8_unicode_ci AUTO_INCREMENT=4 ;

--
-- Dumping data for table `role`
--

INSERT INTO `role` (`ROLEID`, `ROLENAME`, `ROLEDESCRIPTION`) VALUES
(1, 'Administrator', 'Administrator'),
(2, 'Manager', 'Manager'),
(3, 'User', 'User');

--
-- Constraints for dumped tables
--

--
-- Constraints for table `account`
--
ALTER TABLE `account`
  ADD CONSTRAINT `FK_ROLEACCOUNT` FOREIGN KEY (`ROLEID`) REFERENCES `role` (`ROLEID`);

--
-- Constraints for table `address`
--
ALTER TABLE `address`
  ADD CONSTRAINT `FK_REFERENCE_11` FOREIGN KEY (`DISTRICTID`, `PROVINCEID`) REFERENCES `district` (`DISTRICTID`, `PROVINCEID`);

--
-- Constraints for table `district`
--
ALTER TABLE `district`
  ADD CONSTRAINT `FK_REFERENCE_10` FOREIGN KEY (`PROVINCEID`) REFERENCES `province` (`PROVINCEID`);

--
-- Constraints for table `photo`
--
ALTER TABLE `photo`
  ADD CONSTRAINT `FK_REFERENCE_5` FOREIGN KEY (`REALTYID`) REFERENCES `realty` (`REALTYID`);

--
-- Constraints for table `realty`
--
ALTER TABLE `realty`
  ADD CONSTRAINT `FK_REFERENCE_4` FOREIGN KEY (`ADDRESSID`) REFERENCES `address` (`ADDRESSID`),
  ADD CONSTRAINT `FK_REFERENCE_6` FOREIGN KEY (`ACCOUNTID`) REFERENCES `account` (`ACCOUNTID`);

/*!40101 SET CHARACTER_SET_CLIENT=@OLD_CHARACTER_SET_CLIENT */;
/*!40101 SET CHARACTER_SET_RESULTS=@OLD_CHARACTER_SET_RESULTS */;
/*!40101 SET COLLATION_CONNECTION=@OLD_COLLATION_CONNECTION */;
